transaction_id,sale_date,customer_id,product_id,quantity,sales_channel,payment_method
1,2025-10-16,115,7,2,Online,Card
2,2024-04-14,693,190,4,Online,Card
3,2024-01-31,96,56,1,Store,Cash
4,2025-10-27,719,140,1,Online,Card
5,2024-01-07,778,41,2,Online,Card
6,2024-12-10,105,24,1,Online,Card
7,2024-09-27,827,12,2,Online,PayPal
8,2025-01-22,81,142,1,Store,Bank Transfer
9,2025-01-05,592,50,2,Online,Card
10,2024-10-23,82,60,3,Online,Card
11,2025-01-08,167,95,1,Store,Bank Transfer
12,2025-11-30,664,19,2,Online,Bank Transfer
13,2024-06-16,474,98,1,Marketplace,Cash
14,2024-08-12,702,84,3,Store,Card
15,2024-02-02,825,81,1,Online,PayPal
16,2025-08-03,898,184,1,Store,Card
17,2025-10-20,470,37,1,Online,Cash
18,2024-09-26,765,150,1,Store,Card
19,2024-05-21,522,127,1,Online,Card
20,2025-10-04,164,175,1,Online,Card
21,2025-04-24,542,65,5,Marketplace,Card
22,2024-04-27,699,138,3,Store,Card
23,2024-10-27,446,41,1,Marketplace,Bank Transfer
24,2024-09-26,996,129,3,Online,Card
25,2025-10-02,306,164,2,Online,Card
26,2024-06-14,553,200,4,Marketplace,Cash
27,2025-05-15,20,29,4,Marketplace,Bank Transfer
28,2024-11-10,246,15,1,Store,Card
29,2025-05-12,836,18,5,Online,Card
30,2025-11-06,487,141,1,Online,Cash
31,2024-08-04,952,139,3,Store,Bank Transfer
32,2025-02-12,688,167,1,Marketplace,Card
33,2024-09-10,231,17,1,Store,Card
34,2024-08-13,8,19,2,Online,Card
35,2024-02-02,881,85,1,Online,Cash
36,2024-08-07,553,34,2,Marketplace,Cash
37,2024-09-05,804,122,3,Online,Card
38,2025-03-17,363,109,1,Marketplace,Card
39,2025-10-31,662,26,1,Store,Bank Transfer
40,2024-04-21,255,50,1,Online,Card
41,2024-10-12,474,64,4,Online,Bank Transfer
42,2025-07-17,101,13,2,Online,Card
43,2024-04-05,949,193,3,Online,Card
44,2024-08-06,886,103,4,Online,Card
45,2025-02-03,272,117,1,Store,Bank Transfer
46,2025-07-23,678,184,1,Online,Card
47,2024-02-29,594,189,2,Store,Card
48,2025-08-21,489,129,4,Online,Card
49,2025-06-04,83,48,1,Online,Bank Transfer
50,2025-02-17,123,146,1,Store,Cash
51,2025-03-05,674,150,2,Online,Card
52,2025-11-16,734,81,1,Online,Cash
53,2024-11-03,469,81,4,Marketplace,Card
54,2025-09-28,577,26,1,Online,Card
55,2024-12-23,903,18,4,Online,Card
56,2025-07-10,721,78,2,Marketplace,Cash
57,2024-01-09,684,142,1,Store,PayPal
58,2024-05-17,271,30,4,Store,Card
59,2024-10-15,620,54,2,Online,Cash
60,2024-09-27,518,126,1,Marketplace,Card
61,2025-10-11,434,71,1,Online,Card
62,2024-09-25,166,190,1,Store,Cash
63,2024-04-24,78,177,4,Online,Bank Transfer
64,2025-08-19,566,38,1,Online,Card
65,2024-02-10,921,92,1,Online,Card
66,2025-07-27,906,105,5,Store,PayPal
67,2024-08-30,886,42,5,Store,Bank Transfer
68,2024-01-26,184,189,4,Store,Card
69,2025-11-16,885,189,3,Online,Bank Transfer
70,2024-04-20,392,10,3,Online,Bank Transfer
71,2025-04-16,359,79,3,Marketplace,Card
72,2025-11-06,198,103,1,Marketplace,PayPal
73,2024-10-12,360,165,2,Store,Bank Transfer
74,2024-12-05,962,8,1,Marketplace,Card
75,2024-09-28,40,28,2,Online,Bank Transfer
76,2025-03-22,621,131,1,Marketplace,Card
77,2024-02-15,726,112,1,Marketplace,Card
78,2025-11-17,202,94,1,Marketplace,PayPal
79,2025-09-30,322,170,3,Store,Card
80,2024-11-12,683,105,1,Store,Cash
81,2024-07-15,431,171,4,Store,PayPal
82,2025-09-22,583,78,1,Store,Card
83,2024-08-03,441,149,2,Online,Card
84,2025-11-22,219,131,1,Marketplace,Bank Transfer
85,2024-06-22,675,22,1,Store,Cash
86,2024-04-05,839,193,1,Online,Bank Transfer
87,2024-05-30,26,12,1,Online,Bank Transfer
88,2024-03-15,467,107,4,Store,Bank Transfer
89,2025-01-28,507,103,1,Store,Card
90,2024-04-19,798,109,1,Store,Cash
91,2025-04-20,52,143,1,Store,Card
92,2025-04-20,684,136,5,Store,PayPal
93,2025-03-29,628,185,4,Online,PayPal
94,2025-04-01,919,41,2,Online,Card
95,2024-09-10,861,164,1,Store,Card
96,2024-09-01,282,113,1,Online,Card
97,2024-11-23,915,139,1,Online,Card
98,2024-06-05,724,55,1,Online,Card
99,2025-03-01,64,53,3,Online,Bank Transfer
100,2025-12-13,21,196,2,Online,PayPal
101,2024-11-01,772,100,3,Marketplace,Card
102,2025-07-13,820,155,4,Online,Card
103,2025-05-12,30,100,1,Store,Card
104,2024-06-18,861,120,4,Marketplace,Card
105,2025-02-07,607,145,2,Online,Card
106,2025-04-17,187,13,1,Online,Card
107,2024-12-11,780,98,1,Marketplace,Card
108,2024-03-24,482,5,2,Online,PayPal
109,2024-08-17,666,18,3,Store,Bank Transfer
110,2024-09-10,205,6,2,Online,Card
111,2024-04-27,578,56,1,Online,Card
112,2025-09-12,622,192,2,Store,Card
113,2024-11-14,111,149,1,Online,Cash
114,2025-01-19,407,184,1,Store,Bank Transfer
115,2024-09-05,105,179,3,Marketplace,Cash
116,2024-05-03,816,145,3,Online,Card
117,2025-01-14,71,130,2,Online,Card
118,2025-05-16,109,111,5,Store,Bank Transfer
119,2025-12-25,157,112,1,Online,Cash
120,2025-09-22,828,138,3,Online,Bank Transfer
121,2025-08-29,275,83,3,Store,Card
122,2025-04-06,250,193,1,Store,Card
123,2024-01-30,507,84,1,Online,Bank Transfer
124,2024-12-14,287,153,2,Online,Card
125,2024-07-14,88,62,2,Online,Bank Transfer
126,2025-12-08,488,166,2,Online,Card
127,2024-10-28,227,104,2,Online,Cash
128,2025-04-29,567,136,1,Marketplace,Cash
129,2024-12-26,720,117,1,Online,Card
130,2024-07-16,324,31,2,Marketplace,Cash
131,2024-07-15,222,190,1,Store,PayPal
132,2025-06-21,612,73,5,Store,Card
133,2025-01-04,184,78,1,Online,Card
134,2024-02-25,567,75,2,Online,Bank Transfer
135,2025-05-17,106,4,2,Online,Card
136,2024-07-07,989,14,1,Marketplace,Card
137,2024-03-07,411,126,1,Store,Card
138,2024-06-01,831,145,4,Online,Card
139,2025-07-25,783,107,2,Store,Card
140,2025-06-19,390,116,4,Online,Cash
141,2025-03-15,313,146,2,Store,Bank Transfer
142,2024-07-31,641,55,1,Online,Card
143,2025-07-19,77,41,1,Online,Cash
144,2024-10-25,34,60,1,Online,Bank Transfer
145,2024-03-13,704,60,4,Store,Cash
146,2025-11-08,824,51,1,Online,Cash
147,2024-09-29,847,37,1,Online,Card
148,2025-08-05,944,74,1,Online,Card
149,2025-02-16,966,70,2,Online,Card
150,2024-02-10,911,111,2,Store,Card
151,2024-08-22,985,173,3,Store,PayPal
152,2025-11-19,842,69,2,Store,Card
153,2025-06-15,668,114,4,Online,Cash
154,2025-10-12,834,126,5,Online,Card
155,2024-11-24,687,27,3,Online,Cash
156,2024-10-22,679,103,3,Store,Card
157,2024-11-18,259,83,1,Store,Bank Transfer
158,2024-01-02,674,139,1,Online,Card
159,2025-09-29,775,128,2,Store,Card
160,2025-07-16,135,74,1,Store,Card
161,2025-10-07,624,62,2,Online,Card
162,2025-02-21,96,58,5,Marketplace,Card
163,2024-04-30,664,40,1,Store,Card
164,2024-10-06,426,124,5,Online,Cash
165,2025-01-27,196,154,2,Marketplace,Bank Transfer
166,2024-10-09,792,107,1,Store,Card
167,2024-01-03,290,186,1,Store,PayPal
168,2025-05-16,887,39,1,Online,Card
169,2025-07-10,387,117,4,Marketplace,PayPal
170,2024-09-01,586,99,1,Store,Card
171,2025-04-29,723,98,1,Store,Bank Transfer
172,2024-06-04,508,10,1,Marketplace,Card
173,2024-04-12,896,113,1,Marketplace,Card
174,2024-05-27,420,168,5,Online,Bank Transfer
175,2024-09-28,347,160,2,Store,Bank Transfer
176,2025-11-21,880,137,1,Online,Bank Transfer
177,2025-05-14,894,139,1,Online,Cash
178,2024-10-21,233,192,1,Marketplace,Bank Transfer
179,2025-12-21,894,26,1,Store,PayPal
180,2024-02-17,333,15,1,Online,Card
181,2025-06-27,422,145,2,Online,Card
182,2025-09-16,892,98,2,Online,PayPal
183,2024-05-26,238,119,2,Online,Cash
184,2025-04-21,923,74,2,Online,Card
185,2024-12-19,602,77,2,Online,Card
186,2024-11-05,204,99,3,Online,Card
187,2025-01-02,589,76,5,Online,PayPal
188,2025-11-05,406,71,1,Marketplace,Bank Transfer
189,2024-02-20,933,156,2,Store,PayPal
190,2024-08-23,622,91,1,Online,Card
191,2025-11-06,698,36,2,Marketplace,Cash
192,2024-11-12,808,113,1,Online,Card
193,2024-10-29,335,192,1,Online,Bank Transfer
194,2025-01-09,544,129,4,Store,Card
195,2025-05-08,991,76,2,Online,Card
196,2024-03-18,145,194,5,Marketplace,Bank Transfer
197,2025-02-10,991,143,1,Store,Card
198,2025-07-03,127,117,1,Store,Card
199,2025-01-25,843,164,4,Online,Card
200,2024-01-26,635,144,1,Store,Cash
201,2025-10-12,844,119,4,Online,Card
202,2024-05-23,47,10,1,Online,Card
203,2025-07-04,139,100,1,Store,Bank Transfer
204,2025-07-07,430,151,2,Online,Card
205,2024-04-11,854,126,2,Marketplace,Card
206,2025-12-07,380,56,1,Marketplace,Bank Transfer
207,2024-04-11,703,95,2,Marketplace,Card
208,2025-02-11,283,49,5,Marketplace,Bank Transfer
209,2024-04-03,679,55,2,Store,Card
210,2024-12-07,250,33,3,Online,Bank Transfer
211,2025-07-21,213,151,1,Marketplace,Card
212,2024-05-31,808,153,1,Marketplace,Card
213,2024-05-13,554,65,3,Online,Bank Transfer
214,2024-05-14,16,92,3,Online,Card
215,2024-06-27,272,14,1,Online,Card
216,2024-03-06,488,115,3,Online,Card
217,2025-05-30,227,158,1,Store,Bank Transfer
218,2025-06-17,309,118,2,Online,PayPal
219,2025-02-15,437,176,1,Store,Card
220,2024-03-23,330,156,1,Online,Cash
221,2025-08-22,562,183,1,Marketplace,Card
222,2025-04-09,518,155,1,Store,Card
223,2025-11-01,667,197,2,Marketplace,Card
224,2024-08-21,424,87,3,Online,Bank Transfer
225,2024-11-16,438,81,2,Online,Card
226,2025-04-30,69,24,3,Online,Card
227,2025-01-16,832,34,2,Store,Cash
228,2024-12-03,687,32,1,Marketplace,PayPal
229,2025-03-09,889,185,1,Online,Card
230,2024-04-16,592,130,1,Store,Card
231,2024-04-20,359,143,1,Store,Cash
232,2025-03-15,866,144,5,Store,Cash
233,2025-10-20,571,7,2,Store,Cash
234,2024-01-30,185,70,2,Online,Card
235,2024-01-07,186,37,2,Online,Card
236,2025-10-10,996,8,1,Online,Card
237,2025-04-09,350,41,1,Store,Bank Transfer
238,2025-08-04,611,22,4,Online,Bank Transfer
239,2024-02-20,691,21,1,Store,Card
240,2025-03-28,425,70,1,Online,Card
241,2024-04-23,291,174,2,Online,Cash
242,2024-02-16,226,102,5,Online,Card
243,2024-08-04,786,36,3,Online,Card
244,2025-05-24,765,111,1,Online,Bank Transfer
245,2025-05-27,573,172,3,Online,Bank Transfer
246,2024-02-13,447,5,1,Online,Card
247,2025-03-15,588,104,2,Online,Card
248,2024-01-22,990,84,1,Marketplace,Card
249,2025-12-07,942,93,1,Store,Card
250,2025-08-26,411,135,1,Marketplace,Bank Transfer
251,2024-08-14,342,200,1,Online,Card
252,2025-06-06,199,199,1,Store,Bank Transfer
253,2024-05-31,242,27,1,Online,Cash
254,2025-11-02,78,46,5,Store,Card
255,2025-07-31,779,149,1,Marketplace,Cash
256,2025-10-12,640,83,3,Store,Card
257,2024-03-10,481,114,2,Store,Cash
258,2024-12-26,520,19,1,Online,Card
259,2024-10-20,79,166,3,Marketplace,Cash
260,2025-06-03,394,119,2,Marketplace,Bank Transfer
261,2024-02-12,461,147,2,Online,Card
262,2024-06-03,981,16,1,Store,Bank Transfer
263,2024-03-27,517,166,1,Online,Card
264,2025-03-25,537,134,2,Online,PayPal
265,2025-01-31,419,199,1,Store,Bank Transfer
266,2025-10-24,343,17,1,Store,Card
267,2024-09-15,742,169,5,Store,Card
268,2024-03-24,597,170,1,Online,PayPal
269,2025-12-16,679,101,1,Store,Card
270,2025-07-26,386,165,3,Store,Cash
271,2025-12-02,935,135,1,Store,Card
272,2024-01-19,372,80,1,Online,PayPal
273,2025-05-12,197,58,5,Online,Card
274,2024-04-13,520,198,2,Store,Card
275,2025-11-08,345,197,2,Store,Card
276,2024-07-04,852,178,3,Store,Card
277,2025-03-24,45,106,1,Store,PayPal
278,2025-09-17,292,193,2,Online,Card
279,2024-11-12,989,121,4,Online,Cash
280,2025-08-07,452,119,3,Store,Card
281,2025-03-04,990,42,3,Store,Card
282,2024-09-13,54,165,1,Online,PayPal
283,2025-12-29,867,133,3,Online,Bank Transfer
284,2024-10-06,461,132,1,Online,PayPal
285,2024-08-15,837,116,4,Marketplace,Card
286,2025-02-09,515,96,1,Marketplace,Card
287,2024-01-29,327,26,3,Store,Bank Transfer
288,2024-05-20,40,74,4,Online,Bank Transfer
289,2025-12-23,481,115,2,Marketplace,Card
290,2024-08-08,856,39,2,Store,Card
291,2024-04-23,795,74,1,Online,Card
292,2025-10-16,813,160,1,Online,PayPal
293,2025-09-03,549,5,2,Store,Bank Transfer
294,2024-10-25,440,1,2,Online,Card
295,2025-11-11,685,22,2,Online,PayPal
296,2025-07-11,520,130,2,Online,Card
297,2025-10-12,397,96,1,Online,Bank Transfer
298,2024-12-19,247,188,2,Online,Cash
299,2024-12-06,137,12,1,Online,Cash
300,2025-12-02,476,179,1,Online,Card
301,2025-04-13,38,76,1,Store,Bank Transfer
302,2024-11-19,956,80,2,Marketplace,Card
303,2024-09-16,38,193,2,Online,Bank Transfer
304,2024-02-18,887,168,1,Online,Card
305,2025-02-13,762,113,4,Online,PayPal
306,2025-05-23,709,128,1,Store,Card
307,2024-03-25,745,109,1,Store,Bank Transfer
308,2025-07-12,301,83,1,Online,Card
309,2025-04-01,618,184,1,Store,Card
310,2024-02-13,745,91,2,Online,Cash
311,2024-02-28,77,172,2,Online,Bank Transfer
312,2025-11-26,164,8,1,Store,Bank Transfer
313,2024-02-05,130,18,1,Store,Card
314,2025-08-03,34,155,1,Online,Card
315,2025-03-30,782,20,2,Online,Card
316,2025-10-27,286,64,5,Online,Card
317,2025-06-14,397,144,1,Store,Bank Transfer
318,2024-08-07,627,74,2,Marketplace,Card
319,2024-05-18,874,19,1,Marketplace,Card
320,2024-03-30,830,175,5,Marketplace,Cash
321,2025-12-27,67,141,2,Marketplace,Bank Transfer
322,2025-12-29,727,180,2,Store,Card
323,2024-05-04,206,36,1,Online,Card
324,2025-08-09,378,120,3,Store,Cash
325,2024-03-29,68,80,1,Store,Card
326,2025-02-24,788,105,3,Online,PayPal
327,2025-10-19,76,116,1,Online,Card
328,2025-07-18,656,151,1,Marketplace,Card
329,2024-02-26,852,32,2,Online,Card
330,2025-12-27,231,89,4,Online,Card
331,2024-03-21,257,51,2,Store,Card
332,2024-11-06,630,137,1,Store,Cash
333,2025-08-17,158,44,2,Store,Cash
334,2025-07-31,43,8,1,Marketplace,Bank Transfer
335,2024-09-28,667,54,3,Online,Cash
336,2025-05-24,911,161,2,Store,Card
337,2024-09-07,825,176,1,Online,Cash
338,2024-06-10,451,107,1,Online,Cash
339,2024-11-16,883,184,1,Marketplace,Card
340,2025-02-12,134,195,1,Store,Card
341,2025-04-22,126,69,1,Online,Card
342,2025-01-28,885,158,1,Marketplace,PayPal
343,2024-12-01,957,148,2,Online,Card
344,2025-06-11,479,128,4,Online,Card
345,2025-02-06,518,118,5,Online,Card
346,2024-02-21,289,127,2,Store,Cash
347,2024-10-19,550,3,3,Online,Bank Transfer
348,2025-01-09,783,104,1,Online,Cash
349,2024-07-18,372,142,1,Online,Card
350,2025-07-17,287,160,2,Online,PayPal
351,2025-02-07,383,87,2,Online,Card
352,2025-09-08,522,103,2,Online,Card
353,2024-12-07,824,122,2,Online,Bank Transfer
354,2024-05-23,336,157,1,Online,Cash
355,2024-11-02,608,87,2,Online,Card
356,2025-07-30,307,122,3,Online,Cash
357,2025-03-02,598,79,3,Store,Cash
358,2024-01-28,612,122,1,Store,PayPal
359,2025-08-15,592,59,2,Store,Card
360,2025-10-06,739,159,3,Online,Bank Transfer
361,2024-09-05,33,147,4,Online,Card
362,2024-11-17,429,39,1,Online,Card
363,2025-09-18,943,121,4,Store,Card
364,2024-05-21,532,54,2,Marketplace,Card
365,2025-01-20,322,45,1,Online,Card
366,2025-11-23,791,185,2,Store,Card
367,2025-05-10,197,64,1,Online,PayPal
368,2024-10-31,790,74,2,Store,Card
369,2025-05-06,358,144,4,Store,Card
370,2024-05-04,588,174,2,Marketplace,Card
371,2024-12-19,978,198,3,Online,Card
372,2024-03-21,355,114,2,Store,Card
373,2025-07-05,278,144,2,Online,Cash
374,2025-08-23,246,63,1,Marketplace,Card
375,2024-08-26,54,26,1,Store,Card
376,2024-05-20,6,141,5,Online,Cash
377,2025-05-02,489,167,1,Marketplace,Card
378,2025-10-23,61,197,1,Store,Card
379,2024-02-08,936,45,1,Store,PayPal
380,2024-02-07,857,102,3,Online,Bank Transfer
381,2024-10-23,898,10,1,Store,Card
382,2024-12-09,292,117,5,Online,Card
383,2024-05-17,872,130,1,Online,Card
384,2024-06-15,749,118,2,Store,Card
385,2024-12-11,810,76,2,Store,Card
386,2025-10-16,919,104,3,Online,Card
387,2025-11-16,98,48,5,Online,PayPal
388,2024-01-07,268,99,1,Store,PayPal
389,2024-11-05,597,186,2,Online,Card
390,2024-08-29,64,171,1,Online,Card
391,2025-05-29,946,181,3,Store,Cash
392,2024-10-29,377,158,1,Marketplace,Card
393,2025-04-10,766,156,1,Store,PayPal
394,2025-07-04,822,171,3,Store,Cash
395,2025-09-02,895,21,2,Online,Card
396,2025-07-31,115,16,3,Marketplace,Card
397,2025-07-03,154,43,1,Online,Card
398,2024-07-29,735,150,1,Marketplace,Card
399,2024-02-26,465,34,2,Online,Card
400,2025-04-18,689,79,2,Online,Bank Transfer
401,2024-08-11,593,19,1,Online,Card
402,2024-03-02,958,18,5,Online,Card
403,2024-07-03,788,35,3,Marketplace,Cash
404,2025-03-06,384,98,1,Marketplace,Card
405,2024-03-23,700,170,4,Online,Bank Transfer
406,2024-05-01,183,138,1,Online,PayPal
407,2024-01-04,775,6,5,Online,Bank Transfer
408,2025-03-10,545,98,3,Online,Card
409,2024-10-09,194,186,3,Online,Cash
410,2025-09-21,785,5,1,Online,Cash
411,2025-04-02,613,173,2,Online,Bank Transfer
412,2025-02-15,450,60,2,Store,Bank Transfer
413,2024-05-23,516,75,1,Marketplace,Cash
414,2025-08-14,613,198,2,Online,Card
415,2024-05-26,677,134,1,Online,Card
416,2025-08-28,901,189,4,Store,Card
417,2025-05-22,49,89,4,Store,Bank Transfer
418,2024-11-22,714,107,1,Online,Card
419,2025-07-04,485,62,3,Online,Bank Transfer
420,2025-04-19,937,15,2,Marketplace,Cash
421,2024-05-17,398,63,1,Online,Card
422,2025-04-05,868,95,1,Store,Card
423,2024-10-01,387,173,2,Online,Card
424,2025-08-24,742,172,2,Online,Bank Transfer
425,2024-12-06,311,4,1,Online,Bank Transfer
426,2025-05-05,937,63,2,Store,Card
427,2024-09-02,566,83,3,Online,Card
428,2025-01-02,316,67,1,Marketplace,Card
429,2025-04-25,780,82,4,Online,Card
430,2025-07-30,885,57,2,Online,Cash
431,2025-08-21,594,185,1,Online,Card
432,2025-01-23,584,63,1,Store,Cash
433,2024-09-20,782,126,5,Store,Card
434,2024-06-21,751,91,1,Store,Card
435,2025-07-09,658,16,2,Store,Card
436,2025-11-15,50,196,1,Online,Cash
437,2024-03-10,725,39,1,Online,Card
438,2025-09-24,654,171,4,Marketplace,Cash
439,2024-01-17,7,137,2,Online,Card
440,2024-10-08,549,74,1,Store,Cash
441,2024-07-02,110,25,2,Online,Cash
442,2024-09-15,835,91,1,Online,Card
443,2025-02-19,471,145,1,Store,Card
444,2024-03-23,670,167,3,Online,Card
445,2025-07-19,488,15,2,Store,Card
446,2025-03-20,661,85,2,Marketplace,Card
447,2025-06-24,942,11,1,Marketplace,Cash
448,2025-08-03,487,70,1,Online,PayPal
449,2025-07-10,578,169,1,Marketplace,Card
450,2024-07-31,602,37,3,Store,Card
451,2024-03-19,307,42,2,Store,Bank Transfer
452,2025-11-24,919,139,1,Store,Card
453,2025-12-06,742,21,2,Marketplace,Card
454,2025-03-23,238,20,1,Store,PayPal
455,2025-02-10,993,199,1,Store,Bank Transfer
456,2025-04-06,503,59,1,Marketplace,Card
457,2025-11-27,600,170,1,Store,Card
458,2024-09-09,731,19,1,Online,Bank Transfer
459,2025-10-11,158,190,1,Online,Card
460,2024-11-11,456,93,3,Online,Card
461,2025-03-17,460,143,2,Online,Card
462,2024-12-28,568,24,2,Store,Bank Transfer
463,2024-01-13,299,106,1,Online,PayPal
464,2024-09-05,586,134,1,Online,Card
465,2024-11-04,275,127,1,Online,Card
466,2024-11-02,496,20,1,Marketplace,Bank Transfer
467,2025-05-22,609,158,1,Online,Card
468,2025-02-09,341,159,1,Marketplace,Card
469,2025-03-16,836,167,5,Online,Card
470,2025-12-12,206,123,1,Marketplace,PayPal
471,2024-10-25,753,178,2,Marketplace,Bank Transfer
472,2024-11-29,386,72,3,Online,Card
473,2025-07-31,205,152,5,Online,Bank Transfer
474,2024-01-28,976,187,1,Store,Card
475,2024-10-25,852,178,1,Store,Bank Transfer
476,2025-11-20,512,36,2,Online,Cash
477,2025-03-09,809,97,1,Marketplace,Card
478,2025-02-14,548,130,4,Marketplace,Card
479,2024-02-07,810,93,2,Store,Cash
480,2024-03-28,112,197,1,Store,Card
481,2025-09-19,46,145,5,Store,Card
482,2024-12-05,989,111,1,Online,Card
483,2025-06-15,572,149,2,Online,Card
484,2025-04-19,791,174,2,Online,Card
485,2024-01-26,495,27,1,Marketplace,Card
486,2024-05-25,357,80,1,Store,Card
487,2024-12-22,488,25,1,Store,Card
488,2024-11-03,46,182,1,Store,Cash
489,2025-11-24,820,43,4,Store,Card
490,2025-07-19,164,85,2,Marketplace,Card
491,2025-02-18,645,48,1,Store,Card
492,2025-09-20,905,51,1,Online,Card
493,2024-08-07,211,72,3,Store,Card
494,2024-04-14,819,138,1,Online,Card
495,2024-09-25,687,126,2,Store,Cash
496,2025-09-17,402,151,1,Online,Card
497,2024-06-25,834,173,2,Online,Cash
498,2024-03-27,689,35,1,Online,Card
499,2025-01-17,711,37,2,Online,Card
500,2025-01-27,434,48,1,Online,PayPal
501,2024-06-26,569,43,1,Online,Card
502,2025-04-06,635,14,3,Marketplace,Card
503,2024-07-18,835,99,5,Online,Card
504,2025-12-02,504,107,2,Online,Card
505,2025-08-01,32,195,1,Online,Card
506,2024-10-22,173,200,1,Store,Bank Transfer
507,2025-07-16,524,29,2,Online,Card
508,2025-01-10,556,194,1,Store,Card
509,2025-03-11,105,189,3,Store,Card
510,2024-02-03,461,68,1,Store,Card
511,2024-04-30,795,61,1,Store,Cash
512,2025-12-28,625,162,1,Store,Bank Transfer
513,2024-07-30,825,16,2,Online,Cash
514,2024-06-21,332,181,1,Store,PayPal
515,2025-06-10,922,174,3,Online,Bank Transfer
516,2025-02-25,941,16,5,Marketplace,Card
517,2024-05-15,256,38,2,Store,Bank Transfer
518,2025-11-23,403,126,1,Store,Cash
519,2025-01-19,463,20,2,Marketplace,Card
520,2025-06-11,768,72,2,Marketplace,Card
521,2025-05-14,336,149,1,Store,Bank Transfer
522,2025-04-14,651,171,2,Marketplace,Bank Transfer
523,2025-02-11,224,110,3,Online,Card
524,2024-10-17,346,141,2,Store,Card
525,2024-12-17,916,175,3,Online,Cash
526,2025-04-15,17,32,4,Online,Card
527,2025-03-14,208,177,4,Marketplace,Card
528,2024-10-07,96,168,1,Online,Cash
529,2025-10-26,170,14,1,Online,Cash
530,2024-08-27,440,168,1,Online,Card
531,2024-03-20,136,152,1,Store,Card
532,2025-12-13,352,31,5,Online,Card
533,2024-03-13,235,99,1,Store,Card
534,2025-01-11,903,77,1,Store,Bank Transfer
535,2024-05-16,657,174,1,Online,Card
536,2025-10-27,169,113,1,Online,Bank Transfer
537,2025-02-25,631,176,1,Online,Bank Transfer
538,2024-05-23,771,32,2,Online,PayPal
539,2024-11-18,811,36,1,Store,Card
540,2025-09-07,615,185,2,Store,Cash
541,2025-11-05,897,78,1,Store,Card
542,2025-02-05,303,166,1,Marketplace,PayPal
543,2025-05-21,396,29,1,Store,Card
544,2024-01-13,370,82,1,Marketplace,Cash
545,2025-01-09,560,175,1,Online,PayPal
546,2024-03-15,18,151,1,Online,Card
547,2024-03-02,972,102,2,Store,Card
548,2025-03-01,434,180,1,Store,Card
549,2024-06-05,285,22,1,Online,Card
550,2024-06-08,550,84,1,Store,Bank Transfer
551,2025-11-28,659,17,1,Online,PayPal
552,2024-09-01,60,63,1,Online,Card
553,2025-09-15,57,80,2,Store,Card
554,2024-01-13,725,36,2,Online,PayPal
555,2025-06-19,530,185,1,Online,Bank Transfer
556,2024-10-02,751,31,3,Online,Bank Transfer
557,2024-10-05,537,17,1,Marketplace,Cash
558,2025-05-23,467,131,1,Online,Cash
559,2025-01-11,162,66,3,Marketplace,Cash
560,2024-04-28,234,190,2,Online,Bank Transfer
561,2024-09-07,48,121,1,Marketplace,Card
562,2024-02-06,567,183,2,Online,Card
563,2025-03-02,938,185,1,Store,Cash
564,2024-05-02,515,173,4,Online,Bank Transfer
565,2024-02-17,977,103,1,Online,Card
566,2024-11-14,336,23,2,Online,Card
567,2025-07-31,804,78,2,Online,Card
568,2025-05-20,792,199,1,Marketplace,Bank Transfer
569,2024-09-08,155,2,4,Online,Card
570,2025-10-13,860,178,4,Marketplace,Card
571,2025-11-04,386,189,2,Online,Card
572,2024-08-31,430,126,5,Marketplace,Card
573,2024-10-13,96,12,4,Marketplace,Card
574,2025-12-18,918,96,1,Store,Cash
575,2025-06-01,137,164,3,Online,Cash
576,2025-03-21,679,34,1,Online,Card
577,2025-02-06,718,189,1,Online,Card
578,2024-07-26,140,200,3,Online,Card
579,2025-04-05,478,81,1,Online,PayPal
580,2024-07-31,463,79,1,Marketplace,Card
581,2025-12-03,312,181,2,Online,Bank Transfer
582,2024-12-01,152,24,2,Marketplace,Card
583,2024-02-20,694,77,1,Marketplace,Card
584,2025-02-18,876,116,2,Store,Card
585,2024-04-14,824,36,1,Online,Bank Transfer
586,2024-08-15,134,51,3,Online,Cash
587,2025-10-22,87,150,2,Marketplace,Card
588,2024-03-07,203,166,1,Online,PayPal
589,2024-12-05,126,11,4,Online,PayPal
590,2025-03-19,842,186,1,Online,Cash
591,2024-06-25,363,55,4,Online,Card
592,2024-06-01,36,158,2,Online,Card
593,2025-02-25,904,141,1,Online,Card
594,2025-03-05,205,165,4,Online,Cash
595,2025-07-10,814,5,5,Store,Card
596,2025-07-11,801,125,1,Store,Card
597,2024-10-03,185,7,1,Online,Bank Transfer
598,2024-10-14,60,121,2,Store,PayPal
599,2024-06-12,103,64,2,Online,Bank Transfer
600,2024-02-27,783,57,2,Marketplace,Card
601,2024-06-26,181,61,2,Store,Cash
602,2025-08-28,29,181,2,Marketplace,Cash
603,2025-07-30,972,49,3,Store,PayPal
604,2025-07-09,317,45,1,Online,Card
605,2024-08-12,21,135,1,Online,Cash
606,2024-05-13,349,184,1,Store,Bank Transfer
607,2024-03-01,23,38,2,Marketplace,Bank Transfer
608,2025-06-22,882,94,5,Online,PayPal
609,2025-02-09,601,26,1,Online,PayPal
610,2025-03-23,811,164,5,Store,Card
611,2025-07-29,711,158,3,Online,Cash
612,2024-06-28,388,79,2,Online,Card
613,2024-01-02,972,180,4,Online,PayPal
614,2025-08-04,34,47,2,Marketplace,PayPal
615,2024-08-14,655,145,1,Online,Card
616,2024-03-20,244,89,5,Online,Bank Transfer
617,2024-03-31,842,182,2,Store,Card
618,2024-01-12,272,54,1,Online,Card
619,2024-04-20,738,1,1,Online,Card
620,2024-06-19,906,106,1,Online,Card
621,2024-04-13,849,123,3,Store,Bank Transfer
622,2024-08-18,167,116,1,Store,Card
623,2024-11-22,268,27,1,Online,Card
624,2024-03-17,561,24,1,Marketplace,Bank Transfer
625,2025-12-22,32,111,4,Online,Bank Transfer
626,2024-06-09,55,26,1,Marketplace,Card
627,2025-07-21,740,187,2,Store,Card
628,2024-04-08,51,101,2,Store,Card
629,2025-01-04,4,110,1,Store,Cash
630,2025-05-06,205,25,1,Online,Card
631,2024-03-24,485,30,1,Online,Card
632,2025-11-07,272,24,2,Online,Card
633,2025-01-25,379,48,1,Online,Card
634,2024-08-19,858,69,2,Online,Cash
635,2024-04-09,88,172,1,Online,PayPal
636,2025-08-26,233,142,1,Online,Card
637,2025-07-02,704,122,2,Online,Card
638,2025-02-08,925,183,1,Store,Card
639,2025-08-08,694,159,1,Marketplace,Card
640,2024-06-20,996,55,3,Online,Card
641,2025-11-30,446,52,5,Store,Bank Transfer
642,2024-09-21,328,187,4,Online,Card
643,2025-02-10,566,84,3,Online,PayPal
644,2024-01-13,806,180,2,Online,Card
645,2025-02-28,154,38,2,Store,PayPal
646,2024-04-12,948,28,2,Online,Card
647,2025-07-02,902,89,4,Online,Cash
648,2025-08-08,624,122,1,Online,Card
649,2025-09-15,698,178,1,Online,Bank Transfer
650,2025-12-08,244,13,2,Marketplace,Bank Transfer
651,2024-01-21,346,78,1,Store,Bank Transfer
652,2025-12-02,101,59,1,Marketplace,Card
653,2024-11-24,276,187,1,Store,Card
654,2024-08-04,936,105,2,Store,Bank Transfer
655,2024-02-27,528,41,1,Store,Card
656,2025-06-20,901,146,1,Online,Bank Transfer
657,2024-02-29,256,9,1,Marketplace,Bank Transfer
658,2024-10-07,378,119,2,Store,Card
659,2024-02-01,248,96,1,Online,PayPal
660,2025-04-30,601,142,1,Online,Bank Transfer
661,2025-12-06,93,73,1,Online,Bank Transfer
662,2024-08-07,878,57,2,Store,Card
663,2025-02-23,526,6,3,Marketplace,Cash
664,2025-04-30,934,34,2,Store,Card
665,2024-09-15,623,79,2,Store,Card
666,2025-01-20,873,90,1,Online,Card
667,2025-06-17,845,160,1,Online,Card
668,2025-11-09,990,96,2,Store,Card
669,2025-12-01,111,124,1,Marketplace,Cash
670,2024-10-10,268,168,2,Marketplace,Card
671,2024-06-02,530,196,1,Online,Bank Transfer
672,2025-09-06,414,170,1,Online,Card
673,2025-05-24,303,67,4,Online,Bank Transfer
674,2025-08-20,726,147,3,Online,Bank Transfer
675,2025-12-03,548,164,3,Marketplace,Cash
676,2025-06-03,308,44,3,Marketplace,Card
677,2024-04-09,483,33,2,Store,Cash
678,2024-07-06,970,175,4,Store,Card
679,2024-08-16,763,79,1,Marketplace,Card
680,2025-08-22,302,119,3,Online,Bank Transfer
681,2025-08-20,595,159,1,Marketplace,Card
682,2025-11-28,391,136,1,Online,Bank Transfer
683,2024-05-20,206,88,1,Store,PayPal
684,2025-04-13,147,81,3,Online,Card
685,2024-12-06,647,46,1,Online,Card
686,2024-08-02,780,199,1,Store,Card
687,2024-03-31,133,158,1,Online,Card
688,2025-05-03,393,2,1,Online,Card
689,2024-01-15,914,83,3,Online,Card
690,2024-01-05,642,188,1,Store,Card
691,2024-05-12,106,99,2,Online,Card
692,2024-02-16,306,75,1,Online,Card
693,2025-03-20,910,176,5,Online,PayPal
694,2025-01-02,769,49,1,Marketplace,Bank Transfer
695,2024-01-20,234,58,2,Online,Bank Transfer
696,2025-08-26,517,44,1,Store,Bank Transfer
697,2025-01-19,898,164,1,Online,Card
698,2024-02-19,678,28,2,Online,Cash
699,2025-03-02,455,98,1,Online,Bank Transfer
700,2024-07-29,712,176,2,Online,Cash
701,2025-11-09,533,70,2,Store,Card
702,2024-04-17,524,185,2,Online,Bank Transfer
703,2025-05-24,204,156,1,Online,Card
704,2024-07-25,367,181,1,Online,Card
705,2024-07-31,705,124,1,Online,Cash
706,2024-04-23,856,147,2,Online,Card
707,2025-06-07,77,186,2,Marketplace,Cash
708,2025-04-12,304,68,1,Online,Card
709,2024-02-10,873,75,1,Store,Card
710,2024-04-28,98,195,4,Online,Card
711,2025-10-24,175,85,1,Online,Cash
712,2024-04-05,382,88,1,Online,PayPal
713,2024-10-05,856,99,2,Online,Card
714,2024-06-19,116,34,2,Online,PayPal
715,2024-06-12,107,107,4,Online,Cash
716,2025-03-24,186,157,1,Online,Card
717,2025-12-01,902,187,5,Online,PayPal
718,2024-04-25,909,106,1,Online,Cash
719,2024-01-13,722,174,2,Store,Bank Transfer
720,2024-08-17,979,172,4,Online,Cash
721,2025-09-25,98,111,2,Online,Card
722,2025-11-23,657,99,1,Store,Bank Transfer
723,2025-09-19,56,3,2,Online,Bank Transfer
724,2025-05-22,891,43,1,Online,Card
725,2024-10-11,52,130,1,Store,Card
726,2024-08-28,81,118,1,Store,Card
727,2025-05-25,458,81,1,Online,Cash
728,2024-04-15,414,106,1,Online,Bank Transfer
729,2025-09-10,987,159,2,Marketplace,Cash
730,2025-11-01,688,117,5,Online,Card
731,2024-08-16,865,117,1,Store,Cash
732,2025-11-03,373,184,1,Online,Cash
733,2024-01-03,350,91,3,Marketplace,Card
734,2025-06-18,383,180,1,Marketplace,Card
735,2025-02-23,110,66,2,Online,PayPal
736,2025-02-06,221,118,3,Online,Card
737,2025-02-28,48,163,3,Store,Bank Transfer
738,2025-04-06,469,169,2,Online,PayPal
739,2024-01-05,544,189,1,Marketplace,Bank Transfer
740,2025-05-09,947,131,3,Marketplace,Cash
741,2024-06-26,749,33,1,Store,Cash
742,2024-11-25,517,99,1,Store,Cash
743,2024-09-11,281,102,5,Marketplace,Card
744,2024-05-16,142,106,2,Marketplace,Card
745,2025-12-19,561,81,2,Marketplace,Cash
746,2024-07-24,215,160,2,Store,PayPal
747,2024-05-15,728,167,5,Online,Card
748,2025-10-14,331,182,1,Online,Card
749,2025-08-07,966,171,2,Store,Bank Transfer
750,2025-06-30,293,109,3,Online,Card
751,2024-05-28,55,172,1,Online,Bank Transfer
752,2024-10-20,700,65,1,Online,Bank Transfer
753,2024-07-27,772,139,1,Store,Card
754,2025-11-22,758,144,3,Store,Cash
755,2024-08-31,524,179,1,Store,PayPal
756,2025-01-31,427,176,1,Store,Card
757,2024-09-14,208,159,3,Marketplace,Card
758,2024-08-18,934,163,2,Store,Bank Transfer
759,2025-07-13,757,155,1,Store,Card
760,2025-04-04,182,175,1,Marketplace,Bank Transfer
761,2024-05-02,387,11,1,Store,Card
762,2025-08-21,867,66,1,Online,PayPal
763,2024-02-10,158,83,2,Store,Cash
764,2025-11-08,309,126,3,Store,Card
765,2025-12-25,326,135,1,Online,Card
766,2025-06-01,164,107,2,Online,Card
767,2024-08-06,680,85,1,Online,PayPal
768,2025-09-25,544,122,5,Store,PayPal
769,2024-01-10,118,172,1,Online,Cash
770,2025-09-28,250,11,2,Online,PayPal
771,2024-04-26,396,66,2,Online,PayPal
772,2025-01-18,527,131,1,Online,Bank Transfer
773,2024-07-16,329,132,1,Online,PayPal
774,2025-07-04,547,2,2,Online,Cash
775,2024-08-06,886,176,1,Online,Card
776,2025-12-20,900,190,3,Store,PayPal
777,2025-12-03,158,7,1,Online,Card
778,2024-02-25,183,65,2,Store,Card
779,2024-09-21,418,100,1,Online,Card
780,2025-02-02,690,31,2,Store,Cash
781,2025-08-22,47,180,3,Online,Card
782,2024-10-23,806,176,1,Online,Bank Transfer
783,2025-03-24,391,102,3,Online,Card
784,2024-08-13,140,192,1,Store,Card
785,2025-10-11,148,77,2,Marketplace,Bank Transfer
786,2025-10-25,383,3,2,Store,Card
787,2024-01-06,587,153,1,Online,Card
788,2024-08-03,767,190,4,Online,Card
789,2025-10-23,872,132,1,Online,Cash
790,2024-09-15,199,30,1,Store,Bank Transfer
791,2025-07-16,473,166,2,Online,Card
792,2024-04-10,203,186,2,Marketplace,Card
793,2025-11-18,672,61,1,Store,PayPal
794,2024-11-21,498,116,1,Store,Cash
795,2024-06-05,580,146,1,Online,Card
796,2024-01-05,321,64,3,Store,Cash
797,2024-10-10,861,93,1,Store,Bank Transfer
798,2025-04-18,457,92,3,Online,Card
799,2025-10-23,622,21,3,Marketplace,Card
800,2025-07-05,202,68,2,Store,Bank Transfer
801,2024-01-20,870,130,2,Store,Cash
802,2025-08-27,218,10,2,Online,PayPal
803,2025-04-28,670,199,1,Online,Bank Transfer
804,2025-08-26,751,75,1,Online,Card
805,2025-01-07,515,3,2,Store,Bank Transfer
806,2025-09-20,701,43,3,Online,Card
807,2025-08-02,972,145,2,Marketplace,Bank Transfer
808,2025-05-10,962,92,1,Store,Card
809,2024-09-27,379,60,1,Online,PayPal
810,2025-01-04,398,121,4,Marketplace,Card
811,2025-10-26,332,27,2,Online,Bank Transfer
812,2024-09-26,593,140,2,Online,Card
813,2025-08-24,670,20,2,Online,PayPal
814,2025-06-12,416,91,3,Online,Bank Transfer
815,2025-09-10,7,129,4,Online,Card
816,2025-06-10,659,72,1,Online,Card
817,2024-05-01,677,59,1,Online,Card
818,2025-11-22,491,123,1,Online,Bank Transfer
819,2024-01-23,250,12,1,Store,Card
820,2025-06-08,41,147,1,Online,PayPal
821,2025-06-13,982,104,2,Store,Card
822,2025-11-08,842,73,4,Online,Cash
823,2025-04-27,889,124,1,Store,Cash
824,2025-08-19,841,197,1,Store,Card
825,2025-12-03,351,117,2,Online,Card
826,2024-05-15,112,5,1,Marketplace,Card
827,2025-03-05,847,39,2,Online,PayPal
828,2025-09-06,40,137,2,Online,Card
829,2024-05-13,924,155,2,Online,PayPal
830,2025-11-25,665,111,2,Online,Card
831,2025-06-26,440,59,4,Online,Bank Transfer
832,2024-12-24,604,190,4,Store,Cash
833,2025-03-11,138,66,1,Online,Bank Transfer
834,2024-10-17,613,140,1,Online,Bank Transfer
835,2024-01-08,592,134,1,Online,Cash
836,2025-12-05,824,81,1,Online,Card
837,2025-08-22,260,67,3,Online,Card
838,2024-10-09,697,102,3,Online,Bank Transfer
839,2025-05-09,184,95,2,Online,PayPal
840,2025-08-14,353,199,2,Store,Bank Transfer
841,2025-11-06,122,192,1,Store,PayPal
842,2024-04-12,220,131,1,Online,Cash
843,2025-12-14,701,181,1,Online,Cash
844,2024-04-03,844,38,1,Store,Card
845,2024-09-26,228,95,1,Online,Card
846,2025-02-14,629,168,2,Store,Cash
847,2024-06-28,656,127,1,Online,Cash
848,2025-06-14,293,50,1,Store,Card
849,2024-08-25,630,44,2,Online,Cash
850,2024-06-10,89,71,3,Online,Card
851,2025-08-23,206,133,1,Store,PayPal
852,2025-07-16,292,186,3,Marketplace,Card
853,2024-10-10,232,156,5,Online,Card
854,2024-01-05,268,45,1,Online,Card
855,2024-10-28,349,30,3,Marketplace,Bank Transfer
856,2025-08-11,257,178,1,Online,Card
857,2024-09-06,776,87,5,Online,Card
858,2025-08-23,883,8,1,Online,Card
859,2024-08-13,694,180,1,Online,PayPal
860,2025-06-12,549,3,2,Online,Card
861,2025-02-12,690,192,3,Online,PayPal
862,2025-05-02,322,91,1,Store,Card
863,2025-11-30,953,49,1,Online,Bank Transfer
864,2024-09-28,212,59,1,Online,Cash
865,2024-06-08,798,28,1,Online,PayPal
866,2025-05-19,629,2,3,Online,Card
867,2025-05-08,381,159,1,Marketplace,Bank Transfer
868,2025-08-11,890,71,1,Marketplace,PayPal
869,2024-10-13,408,57,3,Online,Card
870,2025-03-09,490,139,1,Online,Bank Transfer
871,2024-06-27,469,31,2,Online,Cash
872,2024-01-13,691,54,1,Online,Card
873,2024-09-22,192,141,1,Online,PayPal
874,2024-12-17,375,48,1,Online,Bank Transfer
875,2025-01-16,374,103,1,Online,Card
876,2025-08-12,703,59,3,Store,Bank Transfer
877,2025-07-22,443,98,1,Store,Bank Transfer
878,2025-04-29,826,3,1,Online,PayPal
879,2025-10-07,530,137,2,Store,Card
880,2025-07-29,880,146,1,Online,Card
881,2024-08-08,834,66,1,Store,Card
882,2024-12-08,267,93,1,Store,Bank Transfer
883,2024-12-18,21,106,1,Marketplace,PayPal
884,2024-07-22,591,148,2,Online,PayPal
885,2024-10-18,364,84,2,Online,Bank Transfer
886,2024-03-21,391,158,1,Store,Card
887,2024-06-20,656,87,1,Store,Card
888,2024-03-14,82,42,1,Online,Cash
889,2025-12-28,274,155,2,Online,Card
890,2025-01-06,766,151,2,Online,Card
891,2024-01-24,129,187,1,Online,Bank Transfer
892,2024-03-22,216,43,1,Online,PayPal
893,2025-04-29,562,14,1,Online,Bank Transfer
894,2024-03-26,107,68,2,Online,PayPal
895,2025-02-03,317,59,1,Online,Cash
896,2024-05-14,540,44,1,Store,Bank Transfer
897,2024-11-29,885,122,1,Marketplace,PayPal
898,2025-07-15,456,35,5,Store,Card
899,2025-09-03,468,162,2,Marketplace,Card
900,2025-10-17,655,137,1,Online,Card
901,2024-04-01,453,79,1,Online,Card
902,2024-01-01,536,195,3,Online,Card
903,2024-01-09,705,126,4,Online,Card
904,2025-03-16,818,75,2,Store,Card
905,2024-07-12,422,144,1,Online,Bank Transfer
906,2025-10-23,400,97,1,Online,Cash
907,2025-06-13,783,157,3,Store,Card
908,2025-06-28,829,69,1,Marketplace,Card
909,2024-10-23,114,164,1,Online,Bank Transfer
910,2025-05-18,193,83,1,Online,Card
911,2024-07-09,996,27,1,Online,Card
912,2024-01-09,239,24,1,Online,Card
913,2024-11-15,805,128,5,Online,Bank Transfer
914,2024-12-04,83,193,5,Online,Bank Transfer
915,2024-03-14,557,121,1,Marketplace,Card
916,2025-01-25,849,4,1,Store,Card
917,2025-03-29,254,189,5,Online,Bank Transfer
918,2024-04-06,534,171,5,Online,Cash
919,2024-11-15,959,83,1,Store,Bank Transfer
920,2025-07-16,534,32,1,Store,Card
921,2024-02-23,885,171,1,Online,Cash
922,2024-11-28,16,43,3,Store,Card
923,2024-09-05,10,11,2,Store,Cash
924,2024-06-07,381,198,1,Online,Card
925,2025-09-25,347,195,2,Online,Cash
926,2025-12-19,550,28,1,Online,PayPal
927,2025-10-22,775,89,3,Online,Card
928,2025-12-06,387,92,2,Online,Card
929,2025-12-24,449,144,1,Store,Card
930,2024-07-10,557,90,1,Online,Bank Transfer
931,2025-09-05,937,142,1,Online,Card
932,2024-09-26,555,94,1,Store,Card
933,2024-07-08,905,5,2,Online,Cash
934,2024-11-24,739,17,2,Online,Card
935,2025-06-20,700,128,3,Online,Card
936,2025-02-23,657,83,1,Online,Card
937,2024-05-12,183,9,1,Online,Card
938,2025-08-07,658,100,2,Online,Bank Transfer
939,2024-09-19,51,94,1,Store,Card
940,2024-08-01,672,126,4,Store,Card
941,2025-10-16,63,93,2,Marketplace,Card
942,2025-01-12,814,182,1,Store,Card
943,2024-03-13,855,78,1,Online,Card
944,2024-04-13,743,60,2,Online,Card
945,2024-09-11,584,161,4,Store,Cash
946,2024-04-18,785,164,2,Store,Bank Transfer
947,2025-03-13,905,27,1,Online,Card
948,2024-12-11,674,41,2,Store,PayPal
949,2024-11-18,564,84,3,Online,Cash
950,2024-11-27,624,62,2,Online,Bank Transfer
951,2024-09-17,369,116,1,Online,Bank Transfer
952,2024-10-18,611,5,2,Marketplace,Card
953,2024-11-03,228,55,3,Online,Bank Transfer
954,2025-12-07,843,71,4,Online,Cash
955,2025-08-08,159,25,1,Online,Card
956,2025-01-10,911,150,1,Online,Card
957,2025-08-07,410,146,4,Store,Bank Transfer
958,2025-05-09,178,125,3,Store,Cash
959,2024-04-07,610,165,1,Store,Cash
960,2024-03-21,799,15,4,Online,Bank Transfer
961,2025-03-20,427,31,3,Online,Cash
962,2025-09-08,951,3,2,Store,Card
963,2025-06-20,43,82,2,Online,Card
964,2024-08-14,157,13,2,Marketplace,PayPal
965,2025-09-01,590,130,1,Online,Bank Transfer
966,2024-05-31,136,87,1,Store,Card
967,2025-02-12,269,22,1,Online,Cash
968,2024-05-18,493,144,1,Online,Cash
969,2025-07-28,631,189,2,Online,Card
970,2025-03-16,332,176,4,Online,Cash
971,2025-03-09,375,90,1,Online,Cash
972,2024-11-08,174,90,2,Marketplace,Card
973,2024-05-29,452,12,4,Online,Cash
974,2024-06-08,776,187,3,Online,Card
975,2025-09-27,949,38,3,Store,Card
976,2025-12-11,824,29,1,Online,Card
977,2025-07-04,217,53,2,Store,Card
978,2025-09-29,748,37,2,Store,Card
979,2025-11-10,540,12,1,Online,Card
980,2025-12-14,633,70,1,Store,Card
981,2025-02-01,677,70,2,Marketplace,Card
982,2024-04-20,20,75,3,Store,Card
983,2025-01-24,521,182,1,Online,Bank Transfer
984,2025-06-28,91,48,1,Marketplace,Cash
985,2025-12-30,23,11,1,Online,Card
986,2025-02-06,763,41,1,Store,Card
987,2024-11-05,242,129,1,Online,Card
988,2025-01-31,912,8,4,Marketplace,Card
989,2024-12-15,919,101,2,Online,Card
990,2025-11-25,628,161,2,Online,Cash
991,2025-03-12,994,80,4,Online,Card
992,2024-07-30,669,36,2,Store,Card
993,2024-05-21,317,177,2,Online,Card
994,2024-05-28,672,145,4,Online,Cash
995,2024-05-01,189,82,3,Online,Card
996,2024-11-22,902,106,5,Online,Bank Transfer
997,2025-10-14,956,190,1,Store,Card
998,2024-07-08,27,196,5,Store,Cash
999,2025-09-19,237,153,1,Store,Card
1000,2025-12-05,799,123,1,Store,Card
1001,2025-10-27,383,48,3,Online,Card
1002,2024-07-16,232,9,1,Marketplace,PayPal
1003,2025-02-26,228,191,2,Online,Card
1004,2024-06-30,950,113,3,Online,Card
1005,2025-04-13,909,64,1,Store,Cash
1006,2025-01-24,738,81,1,Marketplace,Cash
1007,2025-07-03,538,165,4,Store,Card
1008,2025-04-07,468,11,4,Online,Card
1009,2024-02-10,572,100,2,Store,Card
1010,2024-10-25,451,102,4,Store,Card
1011,2024-06-19,433,76,2,Online,Card
1012,2024-05-25,475,166,1,Store,Card
1013,2025-08-22,961,179,2,Online,Card
1014,2024-01-26,184,117,2,Store,Card
1015,2025-04-10,93,65,1,Store,Bank Transfer
1016,2024-06-16,736,188,1,Online,Card
1017,2025-01-06,88,135,2,Store,PayPal
1018,2025-09-18,973,41,1,Online,Bank Transfer
1019,2024-12-09,580,169,3,Online,Card
1020,2025-12-30,53,108,1,Store,PayPal
1021,2024-10-22,642,47,1,Online,Card
1022,2025-09-29,784,65,1,Online,Card
1023,2024-01-06,623,127,1,Store,Card
1024,2025-02-23,453,21,2,Online,Bank Transfer
1025,2024-10-11,635,161,2,Store,Card
1026,2024-05-31,57,168,1,Online,Card
1027,2025-08-14,859,155,1,Marketplace,Card
1028,2025-03-02,183,42,2,Store,Cash
1029,2025-09-01,587,144,1,Online,Cash
1030,2024-02-06,96,197,1,Online,Card
1031,2024-03-10,777,110,3,Online,Card
1032,2024-05-04,712,71,1,Online,Card
1033,2024-08-02,627,15,1,Store,Cash
1034,2024-03-30,496,186,2,Marketplace,PayPal
1035,2024-10-21,438,156,3,Online,Cash
1036,2025-09-30,363,34,2,Online,Bank Transfer
1037,2025-05-24,505,47,4,Online,Card
1038,2024-07-17,2,31,1,Store,Card
1039,2024-07-31,819,158,5,Online,Card
1040,2025-07-27,826,164,1,Store,Cash
1041,2024-09-17,810,18,1,Online,Card
1042,2024-01-07,117,176,1,Online,Cash
1043,2024-01-30,853,45,1,Store,PayPal
1044,2025-05-05,939,122,3,Store,Card
1045,2025-10-04,472,138,4,Online,Bank Transfer
1046,2024-02-27,856,134,1,Store,Card
1047,2025-07-02,20,54,2,Online,PayPal
1048,2024-12-28,68,39,1,Online,PayPal
1049,2025-10-03,548,43,2,Online,Cash
1050,2024-11-11,723,81,2,Online,Card
1051,2024-08-31,381,116,3,Online,Card
1052,2024-06-28,115,96,3,Store,PayPal
1053,2025-03-30,519,7,3,Marketplace,Card
1054,2024-12-14,946,124,2,Online,Bank Transfer
1055,2024-05-26,788,26,3,Marketplace,Cash
1056,2024-05-15,211,186,1,Online,Bank Transfer
1057,2024-04-28,5,80,4,Store,Cash
1058,2024-03-30,342,120,4,Online,Bank Transfer
1059,2024-11-15,24,148,3,Store,Card
1060,2024-07-24,198,74,1,Online,Card
1061,2024-04-30,280,39,1,Online,PayPal
1062,2025-07-27,527,27,1,Online,Card
1063,2024-05-24,966,181,3,Store,Card
1064,2024-11-14,628,87,2,Online,Card
1065,2025-11-22,52,28,1,Online,Card
1066,2025-12-22,611,152,2,Store,Card
1067,2024-12-30,320,86,3,Store,Cash
1068,2025-06-30,81,194,3,Store,Card
1069,2025-12-16,480,25,1,Store,Bank Transfer
1070,2025-04-21,482,60,4,Online,Bank Transfer
1071,2024-09-21,935,94,1,Store,Cash
1072,2024-11-28,465,125,1,Online,Card
1073,2025-04-17,867,44,1,Online,Cash
1074,2025-06-04,106,104,3,Store,Card
1075,2025-10-27,73,78,2,Online,Card
1076,2025-09-27,250,141,1,Online,Card
1077,2024-08-01,834,178,2,Store,Card
1078,2024-12-16,558,178,1,Store,Card
1079,2025-12-29,588,125,1,Store,Card
1080,2024-04-09,842,114,1,Marketplace,Card
1081,2024-04-21,702,153,3,Online,Card
1082,2025-11-07,63,24,1,Online,Cash
1083,2025-10-13,830,1,3,Store,Card
1084,2024-10-25,400,158,2,Online,Cash
1085,2024-11-20,307,146,3,Store,PayPal
1086,2025-03-21,736,89,5,Store,Cash
1087,2025-06-06,414,33,3,Online,PayPal
1088,2024-02-24,1,181,2,Marketplace,Card
1089,2024-10-15,887,8,1,Store,Card
1090,2024-11-21,729,98,1,Online,Card
1091,2024-06-26,487,36,1,Online,PayPal
1092,2025-03-03,158,74,5,Store,Card
1093,2024-03-14,664,5,1,Marketplace,Cash
1094,2024-05-19,87,36,2,Online,Card
1095,2025-12-13,619,109,2,Online,Card
1096,2025-04-05,394,91,1,Online,Card
1097,2025-05-25,868,188,1,Online,Card
1098,2025-07-13,591,94,1,Online,Card
1099,2025-01-12,116,149,1,Store,Card
1100,2025-06-23,880,193,3,Online,Card
1101,2025-09-16,91,63,1,Store,PayPal
1102,2024-03-20,701,163,2,Store,Cash
1103,2024-12-17,548,200,1,Online,PayPal
1104,2025-08-10,752,85,1,Marketplace,Bank Transfer
1105,2024-10-23,172,10,2,Store,Card
1106,2025-07-31,267,16,2,Store,Cash
1107,2025-11-03,299,189,2,Online,Card
1108,2025-06-01,79,72,1,Store,Card
1109,2024-09-20,15,190,1,Online,Cash
1110,2024-06-03,675,115,1,Online,Bank Transfer
1111,2024-08-29,497,47,3,Marketplace,Card
1112,2024-03-27,991,38,2,Store,Bank Transfer
1113,2025-02-26,789,99,1,Online,Cash
1114,2024-08-03,592,188,3,Online,Card
1115,2024-04-28,54,43,1,Online,Card
1116,2025-06-29,240,98,2,Online,Card
1117,2025-06-27,892,112,1,Marketplace,Card
1118,2025-11-25,324,136,2,Online,PayPal
1119,2025-10-14,363,111,2,Store,Card
1120,2024-10-03,274,26,1,Store,Card
1121,2025-11-22,768,62,2,Store,Card
1122,2024-12-11,694,177,5,Online,Card
1123,2024-01-09,852,18,1,Online,Card
1124,2025-04-01,360,57,2,Online,Card
1125,2025-09-26,95,15,4,Store,Bank Transfer
1126,2025-09-05,654,32,2,Online,Bank Transfer
1127,2024-05-13,385,169,3,Store,Bank Transfer
1128,2024-07-08,918,29,2,Online,Card
1129,2024-03-18,655,117,4,Online,Card
1130,2025-11-14,789,198,1,Online,Card
1131,2024-03-04,392,100,1,Online,PayPal
1132,2024-09-28,183,113,1,Marketplace,Card
1133,2025-02-06,183,166,1,Online,Bank Transfer
1134,2024-08-11,629,165,1,Online,Card
1135,2024-02-05,75,19,2,Online,Card
1136,2025-05-24,153,168,2,Marketplace,Cash
1137,2024-09-29,156,180,1,Online,Card
1138,2025-12-25,963,198,1,Online,Bank Transfer
1139,2024-03-12,554,58,1,Marketplace,Bank Transfer
1140,2025-05-08,125,146,2,Marketplace,Card
1141,2024-11-06,411,15,2,Marketplace,Card
1142,2025-07-01,874,88,1,Online,Bank Transfer
1143,2025-10-25,208,46,2,Marketplace,Cash
1144,2024-11-02,713,100,4,Store,Card
1145,2024-03-27,907,162,1,Online,Card
1146,2024-01-26,738,152,1,Online,Bank Transfer
1147,2025-10-20,316,128,2,Store,Card
1148,2024-01-17,38,87,1,Store,Card
1149,2024-05-01,217,168,2,Online,Cash
1150,2025-07-03,153,190,2,Marketplace,Card
1151,2024-05-24,501,168,1,Marketplace,Cash
1152,2024-09-05,719,167,1,Online,Card
1153,2024-11-10,841,25,1,Online,Cash
1154,2024-04-18,117,128,2,Store,Card
1155,2024-07-26,437,87,3,Marketplace,Cash
1156,2024-11-28,124,176,2,Online,Bank Transfer
1157,2024-08-06,783,12,2,Online,Card
1158,2024-05-24,776,107,1,Online,Card
1159,2024-09-06,948,149,1,Online,Bank Transfer
1160,2025-09-19,386,200,1,Marketplace,Card
1161,2024-01-08,184,23,2,Store,Card
1162,2025-12-11,827,198,1,Online,Card
1163,2024-10-04,536,116,1,Marketplace,Cash
1164,2024-02-08,611,47,2,Store,Card
1165,2024-11-04,357,108,1,Online,Card
1166,2025-06-26,98,159,1,Store,Card
1167,2024-08-12,476,198,2,Online,Card
1168,2024-04-25,816,39,2,Marketplace,Card
1169,2024-06-29,164,172,4,Online,Card
1170,2024-08-02,446,65,1,Store,Bank Transfer
1171,2024-02-14,107,190,1,Online,Card
1172,2024-01-30,497,132,1,Marketplace,Bank Transfer
1173,2025-08-29,594,84,1,Store,Bank Transfer
1174,2024-08-23,798,29,1,Online,Bank Transfer
1175,2024-07-23,385,57,1,Store,Card
1176,2025-03-22,149,56,4,Online,Card
1177,2024-05-19,469,185,1,Online,Card
1178,2024-12-09,131,9,2,Online,Card
1179,2025-04-21,470,108,1,Online,Bank Transfer
1180,2025-09-10,161,164,5,Marketplace,Cash
1181,2025-07-20,876,59,1,Marketplace,Card
1182,2024-08-09,606,122,3,Online,Bank Transfer
1183,2024-09-09,254,84,1,Online,PayPal
1184,2024-06-01,936,147,4,Online,Card
1185,2025-04-26,752,197,2,Online,Card
1186,2025-12-14,842,26,1,Online,Cash
1187,2024-01-13,710,188,1,Online,Card
1188,2024-09-01,664,24,1,Store,Card
1189,2025-04-15,879,147,2,Online,Card
1190,2024-05-21,896,181,1,Store,Card
1191,2025-04-20,721,163,1,Store,Card
1192,2025-12-08,341,136,1,Online,Card
1193,2025-09-19,556,148,3,Store,Card
1194,2024-12-09,754,15,2,Marketplace,Card
1195,2024-02-22,114,99,1,Store,Card
1196,2024-06-28,664,144,2,Store,Bank Transfer
1197,2024-05-21,343,62,2,Store,Bank Transfer
1198,2025-08-17,893,180,1,Store,Card
1199,2024-12-27,920,69,2,Online,Card
1200,2025-01-16,354,116,1,Online,Card
1201,2025-12-27,545,174,3,Marketplace,Card
1202,2025-01-11,820,173,4,Store,PayPal
1203,2024-03-08,193,118,1,Online,Card
1204,2024-03-19,112,43,1,Store,Card
1205,2024-07-28,534,161,1,Online,Cash
1206,2024-05-15,486,89,1,Store,Card
1207,2024-07-12,65,6,4,Online,PayPal
1208,2025-10-22,344,106,2,Store,Bank Transfer
1209,2025-05-12,608,171,2,Store,Card
1210,2024-11-07,581,34,4,Online,Bank Transfer
1211,2024-08-20,496,96,5,Store,Card
1212,2024-12-27,292,117,5,Store,Card
1213,2025-07-02,293,47,5,Store,Cash
1214,2025-11-13,814,40,1,Online,PayPal
1215,2025-08-11,130,113,1,Online,Cash
1216,2024-02-05,682,82,5,Online,Card
1217,2024-06-15,547,78,1,Online,PayPal
1218,2024-05-28,971,118,4,Online,PayPal
1219,2025-07-13,1000,130,1,Store,Card
1220,2024-10-23,993,194,5,Store,Card
1221,2025-08-01,747,114,1,Online,Card
1222,2024-02-11,143,174,2,Online,Card
1223,2024-08-13,457,92,1,Online,Cash
1224,2025-08-20,540,57,3,Store,Card
1225,2024-03-26,552,115,2,Marketplace,PayPal
1226,2025-02-07,200,126,1,Store,PayPal
1227,2025-11-13,370,102,1,Marketplace,Card
1228,2025-01-16,13,73,1,Online,Card
1229,2025-07-28,90,56,2,Online,PayPal
1230,2025-03-29,296,42,3,Marketplace,Card
1231,2025-02-28,143,151,2,Online,Card
1232,2025-06-21,344,17,4,Store,Card
1233,2024-01-07,420,164,4,Online,Cash
1234,2025-12-28,582,194,4,Online,Bank Transfer
1235,2024-10-23,568,126,1,Store,Bank Transfer
1236,2024-11-07,506,144,2,Online,Bank Transfer
1237,2024-06-06,269,77,5,Store,Card
1238,2025-10-31,682,74,1,Online,Cash
1239,2024-09-07,30,31,3,Online,PayPal
1240,2025-09-05,764,93,2,Store,Bank Transfer
1241,2025-10-05,703,122,5,Store,Card
1242,2025-08-12,18,67,1,Online,Card
1243,2025-12-10,139,92,1,Online,Card
1244,2024-12-30,50,75,1,Store,Card
1245,2024-07-17,785,161,1,Online,Bank Transfer
1246,2025-07-10,331,81,3,Store,Card
1247,2025-12-02,715,177,1,Online,Card
1248,2024-05-27,14,36,2,Online,Card
1249,2024-12-14,944,42,1,Online,Card
1250,2024-07-11,815,144,2,Store,Card
1251,2025-06-28,730,142,2,Store,Card
1252,2024-03-19,120,34,4,Online,Card
1253,2025-01-06,143,114,4,Store,Bank Transfer
1254,2024-12-16,177,182,1,Store,Card
1255,2024-05-11,878,178,1,Online,Card
1256,2024-05-13,81,109,2,Store,Card
1257,2025-05-10,776,111,1,Online,Bank Transfer
1258,2025-06-09,608,16,1,Marketplace,Card
1259,2024-11-04,684,3,3,Store,PayPal
1260,2024-07-29,602,52,1,Online,Card
1261,2024-10-11,972,149,1,Online,Card
1262,2025-09-19,248,130,2,Online,Cash
1263,2024-01-15,542,56,2,Marketplace,Card
1264,2025-07-04,5,186,1,Online,Card
1265,2025-12-25,487,94,2,Online,Cash
1266,2024-04-19,186,91,5,Online,Card
1267,2025-02-21,116,195,5,Online,Card
1268,2024-05-19,508,196,1,Online,Bank Transfer
1269,2024-03-25,336,127,1,Online,Cash
1270,2024-11-15,704,114,1,Online,PayPal
1271,2025-03-14,194,18,4,Store,PayPal
1272,2025-01-11,184,4,5,Online,Card
1273,2025-03-24,536,169,2,Online,Card
1274,2025-12-12,605,27,2,Marketplace,Card
1275,2025-01-07,999,51,1,Store,PayPal
1276,2024-05-05,239,109,2,Online,Bank Transfer
1277,2025-08-18,608,70,3,Store,PayPal
1278,2024-12-30,488,171,2,Online,Card
1279,2024-10-12,151,197,1,Online,Card
1280,2024-08-24,644,35,1,Store,Bank Transfer
1281,2025-05-25,695,7,5,Online,Cash
1282,2024-06-05,311,160,2,Store,Cash
1283,2025-06-16,786,127,3,Online,Cash
1284,2025-05-17,517,67,2,Store,Card
1285,2024-01-19,976,196,1,Online,PayPal
1286,2025-01-27,461,81,3,Online,Card
1287,2024-06-30,571,169,3,Online,Bank Transfer
1288,2025-05-18,442,35,1,Online,Bank Transfer
1289,2025-08-05,692,126,2,Store,Cash
1290,2025-05-02,576,41,2,Online,Card
1291,2025-01-21,632,174,1,Marketplace,Card
1292,2024-01-29,605,12,1,Online,Bank Transfer
1293,2025-08-20,28,196,4,Online,Card
1294,2024-12-19,366,106,1,Store,Card
1295,2025-10-25,320,152,1,Store,Bank Transfer
1296,2024-04-27,346,44,1,Online,Card
1297,2025-03-08,582,132,4,Online,Cash
1298,2025-08-25,23,82,1,Online,Cash
1299,2025-05-15,103,177,2,Online,Card
1300,2025-11-14,348,43,2,Online,Card
1301,2025-05-23,651,20,3,Online,Card
1302,2024-02-18,305,147,1,Online,Bank Transfer
1303,2024-04-04,735,149,1,Online,Card
1304,2025-06-27,487,110,1,Store,Cash
1305,2024-11-05,517,77,1,Online,Card
1306,2025-02-15,258,160,2,Store,Card
1307,2024-01-20,643,181,2,Online,Card
1308,2025-11-07,986,191,4,Online,Cash
1309,2025-09-21,874,197,4,Marketplace,Bank Transfer
1310,2024-03-02,535,52,1,Online,Card
1311,2025-12-02,784,77,3,Online,Bank Transfer
1312,2024-03-06,650,53,3,Online,Card
1313,2024-06-13,263,176,2,Online,Card
1314,2024-07-15,29,63,3,Online,Card
1315,2025-03-22,433,166,4,Online,Card
1316,2024-01-30,265,72,2,Online,Bank Transfer
1317,2025-05-12,802,6,1,Marketplace,Card
1318,2024-11-01,888,17,4,Online,Card
1319,2025-11-04,907,24,1,Store,Bank Transfer
1320,2024-08-29,115,147,2,Marketplace,Card
1321,2025-08-17,973,199,4,Online,Bank Transfer
1322,2024-08-31,615,32,3,Online,Bank Transfer
1323,2025-02-03,826,192,2,Marketplace,Card
1324,2024-04-19,180,55,5,Online,Card
1325,2025-08-26,58,126,2,Store,Card
1326,2025-07-12,434,122,2,Marketplace,Bank Transfer
1327,2024-05-28,372,122,2,Store,Card
1328,2025-09-12,36,190,2,Marketplace,Cash
1329,2025-11-18,246,65,2,Online,PayPal
1330,2025-01-06,925,176,1,Marketplace,Bank Transfer
1331,2025-02-01,9,101,4,Marketplace,Card
1332,2024-08-29,305,54,3,Online,Card
1333,2024-11-20,901,197,2,Store,Card
1334,2024-03-23,843,200,4,Online,Card
1335,2024-12-06,735,109,4,Store,Bank Transfer
1336,2025-12-16,268,130,1,Online,Bank Transfer
1337,2025-07-14,756,84,1,Online,Card
1338,2025-10-18,189,162,1,Store,Card
1339,2024-07-23,644,79,1,Online,Card
1340,2025-06-12,731,197,3,Store,Bank Transfer
1341,2025-12-03,421,82,1,Marketplace,Card
1342,2024-06-26,704,152,3,Store,Card
1343,2025-02-28,377,47,1,Online,Bank Transfer
1344,2025-08-07,230,6,4,Marketplace,Cash
1345,2025-10-03,235,23,5,Online,Bank Transfer
1346,2024-06-21,51,103,2,Store,Card
1347,2025-01-11,175,146,1,Store,Card
1348,2025-04-09,848,173,1,Online,Card
1349,2024-09-29,295,192,1,Online,Bank Transfer
1350,2025-09-06,221,73,2,Online,Card
1351,2024-05-29,30,75,5,Online,Card
1352,2024-09-11,379,150,2,Online,Card
1353,2024-05-16,893,83,5,Online,Card
1354,2025-01-27,726,109,2,Online,Card
1355,2024-03-01,54,86,4,Online,Card
1356,2025-09-12,962,172,5,Store,Bank Transfer
1357,2024-02-16,6,65,2,Online,PayPal
1358,2025-11-18,380,34,5,Store,Cash
1359,2024-09-23,174,129,1,Online,Card
1360,2024-04-01,325,182,2,Online,Card
1361,2024-02-15,131,128,4,Store,Bank Transfer
1362,2025-03-16,290,68,2,Store,Card
1363,2024-11-16,447,43,1,Marketplace,Bank Transfer
1364,2024-06-03,570,169,2,Online,Card
1365,2024-02-25,236,47,1,Online,Bank Transfer
1366,2025-03-22,119,127,1,Online,Bank Transfer
1367,2025-05-11,469,127,1,Store,Card
1368,2024-12-23,96,53,3,Online,Card
1369,2025-06-04,843,70,2,Store,Card
1370,2024-01-05,539,197,2,Online,Card
1371,2025-05-25,694,25,4,Online,Cash
1372,2025-11-27,125,101,1,Marketplace,Card
1373,2024-11-27,158,8,1,Store,Cash
1374,2025-04-09,644,69,2,Online,PayPal
1375,2025-11-02,638,116,1,Store,Bank Transfer
1376,2025-08-05,133,55,3,Store,Card
1377,2024-02-26,762,19,2,Store,Card
1378,2024-09-18,183,62,5,Marketplace,Card
1379,2024-08-01,167,100,3,Online,Bank Transfer
1380,2025-10-31,158,31,1,Store,Bank Transfer
1381,2024-11-13,926,176,2,Online,Card
1382,2025-01-11,525,52,1,Marketplace,Card
1383,2025-07-30,615,109,1,Online,Card
1384,2024-07-09,445,162,1,Online,Card
1385,2025-04-19,693,58,2,Store,PayPal
1386,2025-06-23,645,166,2,Online,Card
1387,2025-05-04,308,39,5,Store,Card
1388,2024-09-11,536,110,1,Online,Card
1389,2024-02-16,526,28,2,Online,Card
1390,2025-08-05,833,65,1,Store,Bank Transfer
1391,2024-01-17,117,190,2,Online,Card
1392,2025-02-06,47,22,1,Store,Card
1393,2025-04-10,776,172,1,Store,Card
1394,2024-07-10,217,48,1,Marketplace,Card
1395,2025-11-20,109,112,2,Online,Card
1396,2024-06-24,672,123,1,Online,Cash
1397,2025-09-08,744,125,1,Store,Cash
1398,2025-12-08,690,177,2,Store,Card
1399,2024-05-18,15,49,1,Online,PayPal
1400,2024-01-28,215,124,2,Store,Card
1401,2025-10-03,879,138,1,Online,Card
1402,2025-04-30,433,6,1,Marketplace,Bank Transfer
1403,2025-03-31,987,125,1,Marketplace,Cash
1404,2024-07-25,302,146,3,Online,Card
1405,2024-04-15,646,183,1,Online,Card
1406,2025-08-15,611,188,2,Online,Card
1407,2025-05-12,526,152,2,Marketplace,PayPal
1408,2025-05-14,238,183,1,Online,Cash
1409,2025-07-20,66,69,4,Online,Card
1410,2025-05-21,638,166,1,Store,Card
1411,2024-10-21,744,50,1,Online,Card
1412,2025-08-24,931,176,1,Store,Bank Transfer
1413,2025-11-03,480,34,4,Store,Card
1414,2025-03-02,854,173,2,Online,Card
1415,2024-06-14,637,54,1,Store,Cash
1416,2024-05-12,178,52,1,Online,Bank Transfer
1417,2025-05-20,311,61,1,Online,Card
1418,2024-09-24,366,174,1,Store,Bank Transfer
1419,2024-02-02,827,17,1,Online,Card
1420,2025-07-29,230,125,1,Online,Card
1421,2024-02-17,789,143,1,Online,Cash
1422,2025-06-11,619,172,1,Online,PayPal
1423,2025-04-13,986,194,1,Online,Cash
1424,2024-04-14,844,144,1,Online,Cash
1425,2024-07-29,933,93,1,Online,Card
1426,2025-06-02,511,188,4,Online,Card
1427,2024-05-21,126,52,1,Online,Bank Transfer
1428,2024-09-08,855,122,1,Online,Card
1429,2025-01-16,733,194,1,Store,Card
1430,2025-06-26,432,59,1,Online,PayPal
1431,2025-04-14,975,133,3,Online,Card
1432,2024-05-29,789,3,2,Online,Card
1433,2024-12-12,323,103,5,Online,Card
1434,2024-02-07,677,165,1,Store,PayPal
1435,2025-12-31,819,170,4,Marketplace,Card
1436,2025-11-28,718,142,4,Store,Card
1437,2024-12-18,9,72,4,Store,Card
1438,2025-02-17,457,165,1,Online,Bank Transfer
1439,2025-10-29,453,179,1,Store,Cash
1440,2024-07-21,903,78,1,Online,Card
1441,2024-05-09,533,139,1,Online,Cash
1442,2025-06-17,349,194,2,Online,Bank Transfer
1443,2025-07-06,607,67,1,Store,Bank Transfer
1444,2025-06-01,114,188,1,Online,Cash
1445,2024-12-28,127,13,3,Marketplace,Card
1446,2025-08-09,755,2,1,Marketplace,Bank Transfer
1447,2025-08-18,580,183,4,Store,Card
1448,2025-09-01,240,90,1,Store,Bank Transfer
1449,2025-08-09,689,36,2,Online,Card
1450,2024-12-01,529,150,1,Store,Card
1451,2024-05-30,729,109,3,Online,Card
1452,2024-05-13,488,55,1,Online,Card
1453,2025-08-25,573,133,3,Marketplace,Cash
1454,2025-10-13,434,113,2,Marketplace,Bank Transfer
1455,2025-03-02,844,42,1,Online,Bank Transfer
1456,2024-05-12,992,181,2,Online,Cash
1457,2025-04-11,485,9,2,Marketplace,Card
1458,2024-05-01,617,105,1,Online,Card
1459,2025-06-19,157,31,1,Marketplace,Card
1460,2025-05-12,29,37,1,Store,Card
1461,2024-11-08,911,73,1,Store,Card
1462,2024-05-05,561,90,1,Online,Card
1463,2024-11-13,580,116,4,Store,Card
1464,2025-09-12,136,196,1,Store,Bank Transfer
1465,2025-11-14,460,39,3,Online,Bank Transfer
1466,2025-11-11,639,105,1,Marketplace,Card
1467,2024-02-16,982,172,4,Store,Cash
1468,2024-06-18,725,7,2,Store,Bank Transfer
1469,2025-07-28,661,32,2,Online,PayPal
1470,2025-07-08,591,194,1,Store,Card
1471,2025-05-02,515,5,1,Marketplace,Card
1472,2024-01-20,282,53,1,Store,Bank Transfer
1473,2025-03-30,87,137,2,Online,Card
1474,2024-01-24,349,112,1,Online,Card
1475,2025-01-26,264,24,1,Online,Card
1476,2024-05-27,188,66,3,Online,PayPal
1477,2025-11-25,174,16,2,Online,Card
1478,2024-02-29,306,100,1,Online,Bank Transfer
1479,2024-09-21,385,31,1,Online,Cash
1480,2024-08-30,505,131,3,Online,Card
1481,2024-03-03,326,119,2,Online,Card
1482,2025-10-10,240,5,1,Marketplace,Cash
1483,2024-09-09,782,143,2,Online,Cash
1484,2025-04-01,86,163,2,Store,Card
1485,2025-07-07,173,63,2,Online,PayPal
1486,2025-04-07,43,1,3,Marketplace,Cash
1487,2025-10-30,996,43,1,Marketplace,Card
1488,2025-09-04,257,175,1,Online,Cash
1489,2025-08-22,861,131,1,Online,Card
1490,2024-03-12,308,23,1,Online,Card
1491,2025-07-23,287,111,1,Online,Bank Transfer
1492,2025-11-29,969,88,2,Marketplace,Bank Transfer
1493,2024-10-06,252,170,5,Online,Card
1494,2025-09-05,337,5,4,Online,PayPal
1495,2025-09-15,488,2,4,Store,Card
1496,2025-12-14,721,126,3,Online,Bank Transfer
1497,2025-10-26,667,20,2,Marketplace,Bank Transfer
1498,2025-03-31,689,32,1,Store,Bank Transfer
1499,2025-01-01,397,46,3,Store,PayPal
1500,2024-05-07,474,95,4,Online,Card
1501,2024-01-21,777,72,2,Store,Card
1502,2025-09-20,641,78,3,Online,PayPal
1503,2025-01-06,38,72,1,Store,Cash
1504,2024-01-08,201,164,1,Marketplace,Cash
1505,2025-05-20,175,142,1,Store,Cash
1506,2025-09-09,579,45,1,Online,Card
1507,2024-09-22,956,146,3,Marketplace,Bank Transfer
1508,2024-10-07,197,174,1,Marketplace,Cash
1509,2025-09-21,259,175,2,Online,PayPal
1510,2025-10-18,690,167,1,Marketplace,Card
1511,2025-02-20,281,32,2,Online,Card
1512,2024-02-14,906,185,1,Online,Card
1513,2025-04-04,324,2,1,Online,Bank Transfer
1514,2024-01-26,756,58,5,Online,Card
1515,2024-09-12,202,43,1,Online,Cash
1516,2024-01-29,492,111,3,Store,Cash
1517,2024-12-08,861,65,1,Online,PayPal
1518,2024-02-25,842,86,2,Online,Card
1519,2025-09-06,635,113,3,Store,Cash
1520,2024-03-28,998,16,4,Online,Bank Transfer
1521,2025-12-11,67,33,1,Store,Card
1522,2025-09-17,642,111,1,Store,Cash
1523,2024-10-28,871,98,1,Store,Card
1524,2025-09-05,807,169,2,Online,Card
1525,2025-03-14,902,159,2,Online,PayPal
1526,2024-01-27,465,133,1,Online,Card
1527,2025-09-01,731,18,2,Store,PayPal
1528,2024-05-09,653,131,1,Online,Bank Transfer
1529,2025-03-31,191,63,1,Online,Card
1530,2025-08-21,447,132,5,Store,Card
1531,2025-07-08,795,38,1,Online,Card
1532,2025-01-12,994,3,2,Store,Card
1533,2024-08-31,520,144,3,Online,Card
1534,2024-07-24,656,52,3,Online,Cash
1535,2025-12-12,709,120,2,Online,Cash
1536,2024-12-09,631,77,1,Online,Card
1537,2024-02-13,508,57,4,Store,Cash
1538,2025-04-22,639,55,1,Store,PayPal
1539,2024-12-05,827,190,1,Online,Bank Transfer
1540,2024-01-07,372,3,1,Online,Card
1541,2024-10-24,451,50,2,Marketplace,Card
1542,2024-01-31,204,51,1,Online,Card
1543,2024-06-27,348,142,1,Online,Card
1544,2024-09-25,933,26,1,Store,Card
1545,2024-04-23,347,54,1,Online,Bank Transfer
1546,2025-11-07,176,135,5,Marketplace,Bank Transfer
1547,2025-12-29,67,31,1,Marketplace,Bank Transfer
1548,2024-07-15,546,97,2,Online,Card
1549,2025-10-13,251,12,3,Store,Bank Transfer
1550,2024-10-28,809,39,1,Online,Bank Transfer
1551,2024-05-09,872,131,5,Marketplace,Card
1552,2024-03-24,804,121,3,Store,Card
1553,2025-02-01,770,166,3,Online,Card
1554,2024-07-02,330,183,1,Store,Bank Transfer
1555,2025-05-21,486,69,2,Store,Bank Transfer
1556,2025-10-27,38,54,1,Online,Bank Transfer
1557,2025-02-09,224,79,1,Online,Card
1558,2025-01-18,261,141,1,Store,Card
1559,2025-06-15,361,59,2,Online,Cash
1560,2025-03-12,462,120,1,Online,Card
1561,2024-10-06,392,7,1,Online,Cash
1562,2025-01-02,924,22,1,Online,Card
1563,2024-03-21,805,71,4,Online,Card
1564,2024-02-09,560,52,1,Store,Card
1565,2025-11-30,866,71,1,Store,Card
1566,2025-07-10,935,67,1,Online,Bank Transfer
1567,2025-02-17,969,104,3,Store,Card
1568,2025-10-31,525,195,5,Marketplace,Card
1569,2024-08-02,486,60,2,Store,Bank Transfer
1570,2025-04-17,349,22,1,Online,Bank Transfer
1571,2025-12-15,428,54,1,Marketplace,Card
1572,2024-05-22,592,33,1,Store,Card
1573,2025-11-05,855,91,1,Online,Cash
1574,2025-02-17,782,200,2,Online,Cash
1575,2025-08-04,805,9,4,Online,PayPal
1576,2024-12-04,582,162,3,Marketplace,Cash
1577,2025-02-04,391,53,4,Online,Card
1578,2025-05-01,112,85,2,Online,Bank Transfer
1579,2024-04-05,176,27,2,Online,Bank Transfer
1580,2025-09-09,501,7,1,Online,PayPal
1581,2024-10-17,211,60,1,Online,Card
1582,2025-01-12,531,3,1,Marketplace,Card
1583,2024-06-09,114,34,2,Online,Card
1584,2024-07-30,134,53,1,Store,Cash
1585,2024-06-11,619,148,4,Store,Card
1586,2025-12-02,470,71,1,Marketplace,Card
1587,2025-02-12,620,64,2,Marketplace,Bank Transfer
1588,2025-04-16,474,148,1,Online,Cash
1589,2025-04-12,356,180,3,Store,Card
1590,2024-06-28,426,64,1,Store,Card
1591,2025-01-28,933,169,1,Store,Card
1592,2024-02-14,246,41,1,Store,Card
1593,2024-03-09,715,186,2,Online,Card
1594,2025-07-20,125,95,1,Online,Bank Transfer
1595,2024-11-29,420,116,1,Online,Card
1596,2024-01-28,75,164,2,Store,Card
1597,2025-02-12,877,50,1,Online,Card
1598,2024-05-19,335,172,2,Online,Card
1599,2025-07-15,673,63,2,Online,Card
1600,2024-10-12,862,42,1,Online,Card
1601,2024-10-28,128,137,2,Online,Cash
1602,2024-01-12,694,70,1,Online,Card
1603,2024-02-05,915,173,2,Online,Card
1604,2025-10-12,831,134,2,Store,Bank Transfer
1605,2025-02-03,707,79,1,Store,Card
1606,2025-01-21,786,52,4,Online,Card
1607,2024-04-03,17,108,1,Online,Bank Transfer
1608,2025-11-27,686,17,1,Marketplace,Bank Transfer
1609,2025-11-11,172,186,1,Online,Card
1610,2024-11-30,331,144,2,Store,PayPal
1611,2025-02-08,962,110,1,Online,Card
1612,2024-06-26,16,103,2,Online,Card
1613,2024-08-13,68,169,3,Store,Card
1614,2024-03-09,907,56,1,Store,Card
1615,2024-04-14,730,138,3,Marketplace,Cash
1616,2024-09-14,983,25,2,Marketplace,Cash
1617,2025-11-25,947,198,2,Online,Cash
1618,2025-12-05,326,171,1,Online,Cash
1619,2025-08-22,460,98,2,Store,Card
1620,2025-12-22,14,60,1,Store,Card
1621,2024-08-30,756,110,3,Store,Card
1622,2025-01-18,511,76,1,Online,Cash
1623,2024-08-31,946,186,2,Marketplace,Bank Transfer
1624,2024-12-02,138,72,1,Store,Card
1625,2025-02-28,664,74,3,Online,Bank Transfer
1626,2024-12-16,249,53,2,Marketplace,Cash
1627,2024-09-11,821,176,2,Online,Bank Transfer
1628,2025-06-17,330,47,1,Online,Bank Transfer
1629,2024-03-12,977,50,1,Marketplace,PayPal
1630,2024-05-08,94,45,2,Store,PayPal
1631,2024-08-29,520,21,1,Online,Card
1632,2024-07-21,251,109,1,Online,Card
1633,2025-04-04,991,163,1,Marketplace,Card
1634,2025-01-03,408,97,1,Online,Card
1635,2025-03-19,779,40,3,Store,Card
1636,2025-01-25,438,22,3,Marketplace,Cash
1637,2024-06-05,567,187,1,Online,Card
1638,2024-10-17,385,144,2,Online,Card
1639,2025-04-25,201,40,4,Online,Bank Transfer
1640,2025-01-18,504,104,4,Marketplace,PayPal
1641,2025-01-17,394,126,1,Marketplace,Card
1642,2024-02-09,944,32,1,Store,Card
1643,2025-03-22,981,66,3,Store,Card
1644,2025-12-27,501,163,2,Store,Cash
1645,2025-03-10,754,64,1,Online,Bank Transfer
1646,2025-10-08,724,174,1,Store,Card
1647,2025-09-11,467,175,1,Online,Cash
1648,2025-11-09,862,42,1,Store,Cash
1649,2025-01-28,408,181,2,Marketplace,Card
1650,2024-07-12,898,109,1,Online,Cash
1651,2025-05-27,991,137,2,Online,Card
1652,2025-02-25,771,187,3,Online,Cash
1653,2024-12-18,834,37,1,Online,Bank Transfer
1654,2025-12-16,316,2,5,Store,Card
1655,2024-03-12,793,179,1,Online,Card
1656,2025-03-17,175,46,1,Store,Card
1657,2024-07-05,515,29,1,Store,Card
1658,2024-03-01,768,47,3,Online,PayPal
1659,2025-02-22,452,161,4,Online,Cash
1660,2024-03-22,301,22,1,Online,Card
1661,2025-08-22,241,123,1,Store,Card
1662,2024-09-29,770,2,2,Store,Card
1663,2024-08-04,535,2,1,Online,PayPal
1664,2024-09-29,955,125,1,Online,Card
1665,2025-01-14,699,88,5,Store,PayPal
1666,2025-11-12,409,97,2,Marketplace,Bank Transfer
1667,2024-04-12,4,117,4,Online,Bank Transfer
1668,2024-05-22,27,155,1,Online,PayPal
1669,2024-09-11,378,116,2,Store,Card
1670,2025-02-27,677,49,1,Store,PayPal
1671,2024-11-25,18,163,1,Online,Bank Transfer
1672,2024-11-29,695,114,1,Online,Bank Transfer
1673,2024-03-24,357,110,4,Marketplace,Card
1674,2025-11-05,878,180,4,Store,Card
1675,2024-07-18,730,37,3,Marketplace,Bank Transfer
1676,2025-05-31,33,33,1,Online,Bank Transfer
1677,2025-07-15,896,120,1,Online,Card
1678,2025-11-09,554,62,1,Online,PayPal
1679,2025-12-17,92,28,1,Store,Card
1680,2024-11-30,925,99,3,Online,Card
1681,2025-05-02,975,172,1,Online,Card
1682,2025-05-18,93,178,1,Online,Cash
1683,2025-09-07,67,165,1,Marketplace,Bank Transfer
1684,2025-01-25,670,165,3,Marketplace,Card
1685,2024-08-26,229,67,1,Online,Card
1686,2025-08-29,960,49,2,Online,Card
1687,2024-11-16,977,98,2,Online,Card
1688,2025-07-02,195,100,5,Online,Card
1689,2025-11-26,957,33,2,Store,Card
1690,2025-02-08,10,138,3,Online,Bank Transfer
1691,2024-10-30,858,57,1,Online,Cash
1692,2024-05-29,765,171,3,Store,Card
1693,2024-11-23,317,129,5,Online,PayPal
1694,2025-12-24,588,123,2,Online,Card
1695,2025-01-20,61,86,1,Store,Bank Transfer
1696,2024-08-18,718,189,1,Marketplace,Card
1697,2025-05-14,745,101,1,Store,PayPal
1698,2024-06-12,23,141,1,Online,Card
1699,2024-12-22,776,101,1,Online,Card
1700,2025-12-14,946,50,2,Online,Card
1701,2024-11-27,771,149,3,Online,PayPal
1702,2024-11-07,469,168,1,Online,Cash
1703,2024-10-25,919,38,1,Store,Card
1704,2025-10-28,10,93,2,Store,Cash
1705,2024-05-31,386,110,2,Online,Card
1706,2024-12-30,998,122,1,Online,PayPal
1707,2025-10-27,347,152,1,Online,Bank Transfer
1708,2024-09-07,35,31,1,Online,Cash
1709,2024-06-25,669,191,1,Store,Bank Transfer
1710,2025-11-05,92,200,1,Store,Card
1711,2025-10-09,669,114,1,Online,Card
1712,2025-05-15,657,172,4,Online,Cash
1713,2025-08-09,492,71,2,Online,Cash
1714,2025-01-28,496,166,2,Online,Card
1715,2024-11-29,66,183,4,Store,Card
1716,2025-12-18,21,101,2,Online,Bank Transfer
1717,2025-05-15,66,133,3,Online,Bank Transfer
1718,2025-10-29,128,193,3,Marketplace,Bank Transfer
1719,2024-07-04,883,154,2,Online,Card
1720,2024-11-17,126,11,1,Online,Card
1721,2025-07-29,263,193,1,Marketplace,Card
1722,2025-01-07,990,140,1,Marketplace,Cash
1723,2024-09-11,308,12,4,Online,Bank Transfer
1724,2025-11-05,547,114,1,Online,Card
1725,2024-12-26,621,138,2,Store,Cash
1726,2024-02-15,243,10,1,Online,Bank Transfer
1727,2024-05-17,617,142,1,Online,Card
1728,2025-09-29,433,20,2,Online,Cash
1729,2024-06-16,410,117,1,Online,Card
1730,2025-12-12,147,138,1,Store,Card
1731,2025-10-10,714,166,1,Online,Cash
1732,2025-06-07,620,42,1,Online,PayPal
1733,2025-03-20,389,7,5,Online,Card
1734,2025-06-28,113,176,2,Online,Cash
1735,2025-01-06,932,86,3,Online,Bank Transfer
1736,2024-10-07,11,26,1,Marketplace,Card
1737,2024-04-17,802,32,1,Store,Card
1738,2025-05-16,98,136,1,Store,Card
1739,2024-10-04,623,26,4,Online,PayPal
1740,2025-02-02,186,89,3,Store,Bank Transfer
1741,2025-07-18,609,104,1,Online,Card
1742,2025-06-09,731,40,2,Online,Cash
1743,2024-09-30,55,186,2,Online,Bank Transfer
1744,2025-11-25,624,108,2,Online,PayPal
1745,2025-04-24,515,74,1,Online,PayPal
1746,2024-08-22,313,163,3,Marketplace,Card
1747,2024-11-16,866,24,2,Online,Card
1748,2024-04-05,170,148,1,Store,Cash
1749,2025-05-19,828,3,5,Online,Card
1750,2024-05-19,492,128,2,Marketplace,Bank Transfer
1751,2025-12-15,128,104,1,Online,Bank Transfer
1752,2024-01-08,732,109,2,Store,Card
1753,2025-11-08,974,136,2,Online,Card
1754,2024-06-21,691,196,2,Online,Card
1755,2024-05-16,527,91,5,Online,Card
1756,2025-01-17,994,29,1,Store,Bank Transfer
1757,2024-04-30,298,77,1,Online,Card
1758,2025-10-08,583,101,1,Online,PayPal
1759,2025-10-20,528,10,4,Marketplace,Bank Transfer
1760,2024-02-28,365,2,2,Online,Card
1761,2024-01-06,359,185,1,Online,Card
1762,2025-05-18,203,22,2,Marketplace,Card
1763,2025-05-14,8,40,3,Online,Card
1764,2025-01-18,307,94,1,Online,Bank Transfer
1765,2024-04-21,450,169,3,Online,Card
1766,2025-03-20,6,92,4,Store,Card
1767,2024-10-18,42,35,1,Store,PayPal
1768,2024-06-13,683,51,4,Marketplace,PayPal
1769,2024-05-01,432,126,2,Store,Bank Transfer
1770,2024-11-28,770,196,3,Online,Bank Transfer
1771,2025-02-02,135,29,5,Store,Card
1772,2024-12-18,513,4,3,Online,Cash
1773,2024-12-16,440,153,2,Online,Card
1774,2025-05-12,85,195,1,Store,Bank Transfer
1775,2024-07-10,256,72,3,Marketplace,PayPal
1776,2024-09-10,683,110,1,Store,Bank Transfer
1777,2025-12-18,748,129,2,Online,Bank Transfer
1778,2025-10-06,650,39,1,Online,Card
1779,2024-07-15,952,38,1,Store,Card
1780,2024-02-22,390,105,2,Store,PayPal
1781,2024-08-15,345,110,1,Online,Cash
1782,2024-11-07,113,69,1,Marketplace,Bank Transfer
1783,2024-09-09,328,13,1,Online,Cash
1784,2024-11-25,218,74,1,Marketplace,Card
1785,2024-07-08,259,126,1,Online,Card
1786,2024-01-14,700,142,3,Online,Card
1787,2025-01-05,761,200,2,Store,Card
1788,2024-10-09,216,150,1,Marketplace,Card
1789,2025-09-08,124,11,2,Marketplace,Cash
1790,2024-07-14,198,181,1,Online,PayPal
1791,2025-09-25,352,78,2,Marketplace,Card
1792,2024-06-06,45,33,1,Store,Card
1793,2025-07-27,999,89,4,Online,Bank Transfer
1794,2025-03-22,70,124,1,Marketplace,Card
1795,2024-01-23,171,154,1,Marketplace,Card
1796,2025-08-02,63,178,1,Store,Card
1797,2025-06-29,892,132,5,Online,Bank Transfer
1798,2025-01-28,576,200,1,Store,Card
1799,2024-01-04,164,147,1,Store,Bank Transfer
1800,2025-06-09,467,129,2,Online,Card
1801,2024-08-13,304,182,1,Online,Card
1802,2025-06-30,244,75,1,Online,Bank Transfer
1803,2024-05-16,277,14,2,Online,Bank Transfer
1804,2025-07-01,119,1,2,Store,PayPal
1805,2024-11-28,86,181,4,Online,Card
1806,2025-09-18,302,84,5,Store,Card
1807,2024-12-30,225,188,5,Online,PayPal
1808,2025-07-04,674,200,4,Store,Bank Transfer
1809,2025-12-05,392,168,1,Store,Cash
1810,2024-07-30,837,114,1,Online,Cash
1811,2025-02-08,160,115,1,Store,Card
1812,2025-05-05,96,127,1,Online,Bank Transfer
1813,2024-07-12,584,126,4,Online,Card
1814,2024-11-13,167,46,3,Store,Card
1815,2024-05-26,74,110,1,Marketplace,PayPal
1816,2024-04-12,742,135,1,Store,Card
1817,2024-04-12,387,99,1,Store,Bank Transfer
1818,2025-10-21,958,12,1,Store,Card
1819,2025-10-04,615,4,3,Online,Bank Transfer
1820,2025-07-09,754,87,3,Online,Card
1821,2025-07-30,914,114,3,Online,Card
1822,2024-09-06,58,140,2,Store,Card
1823,2024-02-15,106,140,1,Online,Bank Transfer
1824,2024-05-25,2,58,1,Online,Card
1825,2025-11-02,294,58,4,Store,Cash
1826,2024-04-25,504,44,5,Online,PayPal
1827,2024-10-15,366,20,2,Online,PayPal
1828,2024-03-27,918,12,2,Online,Card
1829,2025-09-06,186,174,1,Marketplace,Cash
1830,2025-10-01,838,74,1,Online,PayPal
1831,2025-11-08,378,68,3,Store,Card
1832,2024-01-03,883,39,3,Online,Card
1833,2025-04-02,739,123,3,Online,Card
1834,2024-10-12,149,24,1,Online,Bank Transfer
1835,2024-12-27,327,127,1,Store,Card
1836,2025-10-13,342,36,3,Store,Card
1837,2025-03-04,563,128,2,Online,Card
1838,2024-08-23,394,22,2,Online,Cash
1839,2025-12-11,831,192,1,Online,Card
1840,2024-07-27,872,5,1,Online,Card
1841,2024-04-22,62,90,1,Store,Bank Transfer
1842,2024-05-22,302,118,1,Marketplace,PayPal
1843,2025-03-07,249,54,3,Online,Card
1844,2025-12-13,721,37,1,Online,PayPal
1845,2025-01-15,56,180,1,Store,Card
1846,2025-08-31,892,41,1,Online,Card
1847,2024-03-19,13,146,3,Online,Bank Transfer
1848,2025-04-26,762,36,2,Store,Card
1849,2025-02-25,740,87,1,Store,Card
1850,2024-04-23,160,16,4,Online,Bank Transfer
1851,2025-05-30,165,3,1,Online,PayPal
1852,2025-04-10,568,183,3,Marketplace,Card
1853,2025-12-27,233,109,4,Online,Card
1854,2025-01-21,974,33,2,Online,Card
1855,2025-02-05,189,191,5,Store,Card
1856,2025-12-10,480,123,1,Store,Bank Transfer
1857,2024-06-17,56,96,2,Online,Card
1858,2024-03-20,372,155,3,Online,Card
1859,2024-06-15,555,28,1,Store,Bank Transfer
1860,2024-11-12,193,142,1,Marketplace,Card
1861,2024-03-28,584,145,1,Marketplace,Card
1862,2024-02-19,323,24,4,Online,Card
1863,2024-10-16,982,102,2,Online,Card
1864,2024-12-30,998,34,2,Online,Card
1865,2025-05-30,104,129,3,Online,Cash
1866,2025-01-26,489,151,3,Online,Card
1867,2025-11-29,475,21,4,Online,Bank Transfer
1868,2024-08-08,827,175,2,Store,Card
1869,2025-05-28,529,187,2,Online,Bank Transfer
1870,2025-04-03,805,34,1,Online,Bank Transfer
1871,2025-03-17,41,183,3,Online,Card
1872,2025-09-17,622,20,5,Store,PayPal
1873,2024-04-09,825,4,1,Marketplace,Card
1874,2024-03-30,511,25,1,Online,Card
1875,2024-03-10,287,148,1,Online,Card
1876,2025-04-16,265,122,5,Store,Card
1877,2024-05-23,963,32,5,Online,Card
1878,2024-10-20,411,105,3,Marketplace,Card
1879,2025-01-10,525,160,5,Online,Cash
1880,2025-06-02,461,68,4,Marketplace,Card
1881,2025-10-21,59,190,3,Store,Cash
1882,2024-06-07,874,27,1,Online,Card
1883,2024-03-15,229,100,4,Store,Card
1884,2025-04-24,658,137,4,Online,Card
1885,2024-04-20,940,102,3,Online,Card
1886,2024-11-20,351,155,1,Store,Card
1887,2024-10-12,466,10,2,Marketplace,Card
1888,2024-08-06,328,146,1,Store,Card
1889,2025-01-05,809,111,5,Online,Card
1890,2024-01-24,976,195,2,Online,Cash
1891,2024-03-26,146,18,1,Online,Bank Transfer
1892,2025-04-07,893,108,2,Store,Card
1893,2024-02-25,95,110,1,Store,Card
1894,2024-12-23,965,108,1,Online,Bank Transfer
1895,2025-12-14,448,91,4,Store,Bank Transfer
1896,2025-07-28,802,153,1,Store,Cash
1897,2024-05-28,332,171,5,Marketplace,Bank Transfer
1898,2024-11-20,15,39,4,Marketplace,Card
1899,2024-11-20,117,173,1,Online,Card
1900,2025-04-06,966,33,2,Store,Cash
1901,2024-02-07,224,191,5,Online,Card
1902,2024-06-19,616,97,1,Online,Card
1903,2025-11-26,591,4,1,Online,Card
1904,2024-11-10,515,32,2,Store,Card
1905,2025-02-24,361,91,3,Online,PayPal
1906,2024-12-09,117,46,1,Online,Cash
1907,2024-06-15,556,112,1,Store,Cash
1908,2025-03-23,650,73,2,Marketplace,PayPal
1909,2024-04-11,90,27,1,Online,PayPal
1910,2024-04-16,509,192,3,Marketplace,Card
1911,2025-03-30,516,149,3,Store,Bank Transfer
1912,2024-08-04,229,199,1,Online,Card
1913,2025-04-25,974,32,1,Store,Card
1914,2025-10-22,721,190,1,Marketplace,Bank Transfer
1915,2025-06-03,291,69,4,Online,Bank Transfer
1916,2025-02-28,690,62,1,Marketplace,Card
1917,2024-01-27,158,96,3,Online,Bank Transfer
1918,2024-11-21,344,44,5,Marketplace,Card
1919,2025-02-04,198,158,2,Store,Bank Transfer
1920,2025-08-14,440,33,4,Online,Bank Transfer
1921,2025-02-16,926,82,2,Online,Card
1922,2024-05-09,517,31,2,Store,Bank Transfer
1923,2025-10-04,939,67,3,Online,Card
1924,2024-04-05,96,7,1,Store,Cash
1925,2024-01-29,633,182,2,Marketplace,Cash
1926,2024-01-26,761,188,1,Online,Cash
1927,2025-01-01,192,62,2,Online,Card
1928,2024-09-08,744,200,3,Online,Card
1929,2024-02-22,282,22,4,Store,Cash
1930,2025-08-16,888,27,1,Marketplace,Card
1931,2024-05-25,290,68,4,Online,Card
1932,2025-01-05,935,54,1,Online,Card
1933,2024-03-16,499,161,1,Store,Card
1934,2024-11-17,649,116,3,Online,Card
1935,2024-07-01,676,146,2,Marketplace,Card
1936,2024-12-17,356,124,5,Store,Card
1937,2025-06-18,760,66,4,Online,Card
1938,2024-01-24,531,132,3,Online,Card
1939,2024-08-10,31,84,1,Online,Cash
1940,2024-05-09,275,71,1,Marketplace,Card
1941,2025-07-18,668,76,1,Store,Card
1942,2025-02-13,945,50,1,Online,Bank Transfer
1943,2024-10-14,985,101,1,Store,Cash
1944,2024-06-18,814,53,5,Online,Bank Transfer
1945,2025-03-09,611,192,1,Online,Card
1946,2025-01-27,440,52,2,Online,Cash
1947,2024-03-06,461,43,4,Marketplace,Card
1948,2025-02-23,301,155,3,Store,PayPal
1949,2024-12-26,408,8,1,Store,Card
1950,2024-07-09,367,63,1,Store,Card
1951,2024-11-17,126,3,1,Online,Card
1952,2025-04-21,582,83,4,Store,Card
1953,2025-09-08,218,135,1,Store,Bank Transfer
1954,2025-11-18,77,147,4,Online,Bank Transfer
1955,2024-11-21,833,82,1,Online,Card
1956,2024-02-17,282,108,1,Online,Cash
1957,2025-08-28,393,61,2,Online,Cash
1958,2025-08-12,5,119,1,Store,Card
1959,2025-06-30,941,136,1,Store,Card
1960,2024-04-07,850,107,2,Online,Bank Transfer
1961,2025-02-13,82,143,3,Online,Card
1962,2024-11-01,714,117,1,Store,PayPal
1963,2025-01-17,961,159,1,Online,Bank Transfer
1964,2024-05-22,108,83,3,Store,Card
1965,2024-03-31,196,186,4,Online,PayPal
1966,2024-01-06,957,177,3,Online,Bank Transfer
1967,2024-04-23,50,78,1,Online,Cash
1968,2025-01-23,277,179,1,Online,Card
1969,2024-05-09,327,38,3,Marketplace,PayPal
1970,2025-02-27,653,115,2,Online,Card
1971,2025-05-04,678,126,5,Online,Bank Transfer
1972,2024-08-19,95,68,3,Store,Card
1973,2024-09-05,676,166,2,Online,Card
1974,2025-05-21,62,55,1,Online,Bank Transfer
1975,2024-07-11,500,27,1,Store,Bank Transfer
1976,2025-06-10,880,81,3,Online,Card
1977,2024-06-06,869,130,1,Online,PayPal
1978,2025-01-29,999,116,3,Online,Bank Transfer
1979,2024-07-11,71,72,1,Store,PayPal
1980,2025-08-14,664,27,1,Marketplace,Bank Transfer
1981,2024-09-03,17,118,1,Online,Cash
1982,2025-04-08,361,68,1,Store,Card
1983,2024-08-05,155,102,2,Online,Card
1984,2024-10-06,379,26,1,Online,PayPal
1985,2024-07-17,302,49,1,Store,Card
1986,2025-05-20,532,111,1,Online,Card
1987,2024-04-23,225,30,1,Online,Card
1988,2024-03-08,545,26,1,Marketplace,Cash
1989,2025-02-18,402,101,1,Store,Bank Transfer
1990,2024-10-01,508,53,1,Online,Cash
1991,2025-12-23,611,74,2,Online,Card
1992,2025-12-18,638,123,2,Marketplace,Cash
1993,2024-06-23,323,175,1,Online,Bank Transfer
1994,2024-05-25,986,4,2,Online,Card
1995,2024-09-27,903,20,1,Store,Card
1996,2024-12-26,993,122,2,Online,Card
1997,2024-04-22,47,5,2,Marketplace,Bank Transfer
1998,2025-06-21,516,43,3,Store,Card
1999,2024-12-09,464,126,2,Marketplace,Card
2000,2025-05-13,260,94,1,Store,Card
2001,2024-12-07,913,133,3,Marketplace,PayPal
2002,2025-09-02,496,29,1,Online,Cash
2003,2024-05-31,421,57,2,Online,Card
2004,2024-09-07,592,190,2,Online,Card
2005,2024-04-01,199,97,2,Marketplace,Bank Transfer
2006,2025-11-26,558,116,5,Marketplace,Card
2007,2025-11-26,358,85,1,Online,PayPal
2008,2024-11-12,196,11,2,Store,Bank Transfer
2009,2024-05-05,444,117,2,Store,Card
2010,2024-04-22,993,3,1,Store,Card
2011,2024-06-02,536,75,2,Store,Card
2012,2024-10-22,67,76,1,Online,Card
2013,2025-08-30,127,14,1,Online,Card
2014,2024-01-01,52,65,1,Marketplace,Bank Transfer
2015,2025-05-29,682,197,2,Marketplace,Bank Transfer
2016,2024-05-26,751,51,1,Marketplace,Card
2017,2024-02-02,485,91,1,Store,Card
2018,2025-02-12,991,26,4,Marketplace,Cash
2019,2024-06-26,578,112,2,Online,Cash
2020,2025-11-30,787,52,1,Online,Card
2021,2024-11-08,88,77,2,Store,Card
2022,2025-01-19,802,112,1,Online,Cash
2023,2025-05-30,958,176,2,Online,Card
2024,2025-03-06,985,106,1,Marketplace,Card
2025,2025-03-07,91,194,1,Marketplace,Bank Transfer
2026,2025-08-17,525,96,1,Online,Cash
2027,2024-10-27,55,194,3,Online,Cash
2028,2025-04-18,827,196,4,Online,Card
2029,2024-02-26,277,167,1,Store,Bank Transfer
2030,2025-08-02,494,177,1,Online,Bank Transfer
2031,2025-11-21,524,190,2,Store,Card
2032,2025-07-29,759,127,1,Marketplace,Cash
2033,2024-06-07,309,161,1,Marketplace,Card
2034,2025-05-11,639,177,1,Online,Card
2035,2024-05-03,533,25,1,Online,Card
2036,2025-06-01,455,101,1,Online,Card
2037,2024-07-07,840,61,3,Online,Bank Transfer
2038,2025-11-28,450,169,2,Online,Cash
2039,2024-07-08,146,191,2,Online,Bank Transfer
2040,2025-07-13,206,122,1,Online,Card
2041,2025-08-25,505,95,2,Online,Cash
2042,2024-04-19,476,107,3,Online,Card
2043,2024-05-03,578,100,1,Online,Cash
2044,2025-11-03,635,114,1,Marketplace,PayPal
2045,2025-04-24,904,186,1,Online,Card
2046,2025-05-27,877,129,1,Marketplace,Card
2047,2025-06-09,65,45,2,Online,Bank Transfer
2048,2024-12-13,471,184,3,Online,Bank Transfer
2049,2025-11-05,311,101,1,Store,Card
2050,2025-04-28,621,169,1,Store,Card
2051,2025-11-05,539,67,1,Online,PayPal
2052,2024-12-22,599,159,3,Online,Card
2053,2024-06-11,238,25,2,Online,Cash
2054,2024-11-27,779,60,5,Store,Bank Transfer
2055,2024-08-30,108,45,2,Online,PayPal
2056,2024-03-06,64,157,1,Online,Bank Transfer
2057,2025-03-28,782,96,2,Store,PayPal
2058,2024-11-24,111,179,1,Online,Cash
2059,2025-07-23,205,51,1,Online,Card
2060,2024-07-25,760,42,1,Online,Bank Transfer
2061,2024-03-29,597,7,2,Store,Card
2062,2024-05-23,915,2,1,Online,Card
2063,2024-03-14,349,48,2,Marketplace,Bank Transfer
2064,2025-06-24,509,49,3,Store,Card
2065,2024-12-26,366,159,4,Marketplace,Bank Transfer
2066,2025-03-25,438,161,1,Online,Card
2067,2025-06-13,306,26,1,Online,Cash
2068,2024-12-04,24,58,3,Online,Bank Transfer
2069,2025-02-03,721,92,1,Marketplace,PayPal
2070,2024-03-17,548,148,1,Online,Cash
2071,2024-11-15,409,159,1,Store,Card
2072,2025-04-27,960,68,2,Online,Card
2073,2024-07-24,343,196,1,Online,Bank Transfer
2074,2024-12-03,947,194,2,Marketplace,Card
2075,2024-03-15,825,145,4,Store,Bank Transfer
2076,2024-02-06,355,19,4,Store,Cash
2077,2024-03-23,909,142,1,Online,Bank Transfer
2078,2024-04-16,37,128,2,Store,Card
2079,2024-11-06,801,59,1,Online,Bank Transfer
2080,2024-07-19,548,156,3,Store,Bank Transfer
2081,2025-07-19,494,14,1,Online,Card
2082,2025-12-19,438,141,1,Online,Bank Transfer
2083,2025-01-11,361,50,1,Marketplace,Card
2084,2024-04-04,603,3,1,Store,Bank Transfer
2085,2025-07-03,582,12,5,Online,Bank Transfer
2086,2024-02-28,79,15,1,Online,Card
2087,2024-12-24,617,168,4,Marketplace,Card
2088,2025-02-11,491,169,1,Online,Card
2089,2025-07-10,211,127,2,Store,Bank Transfer
2090,2024-08-13,455,183,1,Online,Cash
2091,2025-10-31,251,135,4,Online,Card
2092,2024-04-16,56,89,4,Store,Cash
2093,2024-10-13,81,53,4,Store,Card
2094,2024-11-08,760,142,1,Online,Bank Transfer
2095,2024-05-25,37,61,2,Store,Card
2096,2024-04-26,22,128,3,Online,Cash
2097,2024-11-03,848,22,1,Marketplace,Card
2098,2024-01-20,884,98,1,Online,Card
2099,2024-07-07,676,111,2,Store,Card
2100,2024-12-22,960,7,4,Store,Card
2101,2024-09-25,830,193,2,Store,Card
2102,2025-09-28,445,110,3,Marketplace,Bank Transfer
2103,2024-04-21,567,100,5,Marketplace,Card
2104,2025-07-01,475,109,2,Store,Card
2105,2024-06-15,984,98,1,Marketplace,Card
2106,2024-01-16,288,175,5,Online,Card
2107,2025-07-09,303,87,2,Online,Card
2108,2024-10-02,676,65,3,Store,Cash
2109,2024-05-07,315,146,2,Store,Bank Transfer
2110,2025-03-30,474,5,1,Online,PayPal
2111,2025-05-06,654,143,1,Online,PayPal
2112,2024-10-10,919,157,2,Marketplace,Card
2113,2024-09-21,785,71,1,Online,Card
2114,2024-06-27,151,159,2,Online,Cash
2115,2024-07-07,701,130,3,Store,Card
2116,2024-08-21,63,183,5,Marketplace,Card
2117,2024-12-27,554,184,1,Online,Card
2118,2025-06-03,455,29,2,Online,Card
2119,2025-01-15,850,175,1,Store,Bank Transfer
2120,2024-05-26,26,84,2,Online,PayPal
2121,2025-10-29,384,121,4,Online,Card
2122,2025-01-12,46,75,4,Marketplace,Card
2123,2025-09-15,217,81,2,Store,Card
2124,2025-08-18,730,89,4,Online,Cash
2125,2025-11-03,744,39,1,Marketplace,Card
2126,2024-03-20,982,58,2,Marketplace,Cash
2127,2025-03-04,552,188,1,Marketplace,Bank Transfer
2128,2025-09-13,484,169,2,Online,Card
2129,2025-08-12,301,63,1,Store,PayPal
2130,2024-08-24,467,81,2,Online,Card
2131,2025-02-23,371,21,1,Online,PayPal
2132,2025-10-31,496,155,1,Store,Card
2133,2024-05-08,948,138,1,Marketplace,Cash
2134,2025-11-12,142,156,1,Online,Card
2135,2024-03-24,419,108,2,Online,Card
2136,2024-07-21,922,47,4,Online,Card
2137,2024-09-26,784,142,2,Online,Card
2138,2024-02-04,854,111,1,Online,Card
2139,2025-06-11,888,136,4,Marketplace,Card
2140,2025-02-15,714,143,1,Online,Card
2141,2024-12-10,606,156,2,Marketplace,Card
2142,2024-12-29,973,115,4,Store,Bank Transfer
2143,2025-03-22,297,194,1,Online,Card
2144,2025-08-26,939,131,1,Marketplace,Cash
2145,2025-01-13,691,167,1,Online,Card
2146,2025-08-25,287,198,1,Online,Card
2147,2025-07-31,531,135,2,Store,Card
2148,2024-11-26,394,82,3,Marketplace,Card
2149,2024-08-03,441,133,1,Marketplace,Card
2150,2024-12-21,292,43,1,Online,Card
2151,2024-06-22,296,67,5,Store,PayPal
2152,2025-11-13,286,37,1,Store,Card
2153,2024-06-21,29,154,4,Marketplace,Card
2154,2024-07-18,7,126,3,Online,Card
2155,2025-08-07,437,188,1,Online,Card
2156,2024-04-22,734,181,4,Online,Bank Transfer
2157,2025-05-20,270,23,3,Marketplace,Bank Transfer
2158,2024-04-29,992,91,3,Store,Card
2159,2024-03-17,335,41,2,Online,Cash
2160,2025-06-09,689,199,1,Store,Bank Transfer
2161,2024-02-09,444,26,4,Store,Card
2162,2025-07-25,677,161,1,Store,Card
2163,2024-05-20,601,97,4,Online,Card
2164,2025-04-26,156,125,3,Store,Card
2165,2024-07-22,651,23,5,Marketplace,Bank Transfer
2166,2024-01-04,445,18,1,Store,Bank Transfer
2167,2024-02-09,429,177,1,Online,Cash
2168,2025-10-15,358,124,2,Marketplace,Bank Transfer
2169,2024-08-25,897,75,2,Online,Cash
2170,2025-09-04,366,140,1,Online,Card
2171,2024-10-21,430,115,1,Store,Card
2172,2025-04-20,980,82,2,Online,Card
2173,2024-05-11,793,124,3,Marketplace,Cash
2174,2025-12-04,241,8,1,Online,Bank Transfer
2175,2025-02-22,63,144,3,Online,Card
2176,2025-02-04,829,114,1,Online,Card
2177,2025-05-12,746,57,1,Store,Card
2178,2025-02-23,227,147,4,Online,Bank Transfer
2179,2024-04-22,971,158,2,Online,Card
2180,2024-01-22,822,98,1,Store,PayPal
2181,2025-07-20,65,168,1,Online,Card
2182,2024-06-09,859,138,1,Store,Card
2183,2024-06-14,933,96,1,Online,Bank Transfer
2184,2024-01-14,37,6,3,Online,Card
2185,2025-05-11,44,41,1,Online,Cash
2186,2025-12-05,254,9,1,Online,Bank Transfer
2187,2025-11-02,411,34,3,Marketplace,Bank Transfer
2188,2024-03-19,76,130,2,Store,Card
2189,2024-01-16,761,139,2,Online,Bank Transfer
2190,2025-02-04,199,156,3,Store,Card
2191,2024-01-24,310,71,1,Online,PayPal
2192,2025-08-13,483,97,1,Online,PayPal
2193,2025-07-28,286,124,1,Store,Card
2194,2025-01-26,18,128,2,Marketplace,Bank Transfer
2195,2024-04-20,464,58,2,Online,Bank Transfer
2196,2025-04-02,379,123,2,Store,Card
2197,2025-10-07,1000,22,1,Online,Bank Transfer
2198,2025-05-16,608,64,1,Online,Bank Transfer
2199,2025-06-19,741,146,3,Online,Card
2200,2025-02-25,319,190,1,Online,Card
2201,2025-08-01,614,105,4,Online,Card
2202,2025-07-29,814,126,2,Online,Cash
2203,2024-11-25,473,182,1,Store,Bank Transfer
2204,2024-03-24,944,27,1,Online,Card
2205,2024-01-14,166,134,2,Online,Card
2206,2024-04-26,40,109,1,Store,Card
2207,2024-05-23,767,141,1,Online,Card
2208,2024-10-28,738,174,1,Online,Bank Transfer
2209,2025-07-31,666,43,1,Online,Card
2210,2025-09-20,975,183,1,Store,Card
2211,2024-08-03,959,85,4,Store,Bank Transfer
2212,2024-05-18,169,135,2,Online,Card
2213,2024-07-02,154,121,1,Marketplace,Card
2214,2024-07-11,205,178,1,Online,Card
2215,2025-10-01,480,153,1,Online,Cash
2216,2024-08-19,354,161,1,Online,Card
2217,2025-03-12,599,187,1,Store,Card
2218,2024-09-17,575,139,2,Online,Cash
2219,2024-04-15,749,56,1,Online,Card
2220,2025-06-18,602,166,3,Online,Bank Transfer
2221,2025-08-29,620,71,5,Store,Cash
2222,2025-04-29,215,44,1,Online,Card
2223,2025-09-21,151,37,1,Marketplace,Card
2224,2024-02-23,141,131,3,Online,Card
2225,2024-11-05,513,195,1,Store,Card
2226,2025-01-29,724,122,1,Store,Card
2227,2024-03-21,905,155,3,Marketplace,PayPal
2228,2024-10-11,729,37,3,Store,Card
2229,2024-09-13,702,31,2,Online,Card
2230,2024-01-26,887,94,3,Store,Card
2231,2025-03-10,219,158,2,Marketplace,PayPal
2232,2025-01-26,384,46,4,Marketplace,Card
2233,2025-01-04,539,50,1,Online,Card
2234,2025-01-12,938,65,2,Online,Card
2235,2025-10-24,282,165,1,Online,Cash
2236,2024-09-16,281,161,1,Store,Card
2237,2025-04-27,623,162,1,Online,Bank Transfer
2238,2025-10-25,769,140,3,Online,Card
2239,2025-12-31,157,181,2,Marketplace,Card
2240,2025-03-05,855,31,1,Store,Card
2241,2024-04-09,879,140,1,Marketplace,Cash
2242,2024-01-18,341,173,3,Online,Bank Transfer
2243,2025-08-23,740,94,2,Marketplace,Card
2244,2025-11-14,686,16,1,Store,Card
2245,2024-09-30,86,45,1,Online,Card
2246,2025-06-01,420,45,2,Store,PayPal
2247,2024-11-14,281,144,1,Online,Cash
2248,2025-12-14,89,145,4,Online,PayPal
2249,2024-07-05,748,23,1,Store,PayPal
2250,2024-06-22,808,3,1,Online,Card
2251,2024-09-09,316,175,2,Marketplace,Card
2252,2024-05-15,318,14,1,Online,Card
2253,2025-08-01,324,106,1,Online,Bank Transfer
2254,2024-06-30,303,67,2,Online,Card
2255,2025-08-15,373,90,3,Online,Bank Transfer
2256,2025-12-04,852,44,1,Store,Card
2257,2025-07-04,583,54,5,Online,Cash
2258,2025-11-29,816,74,1,Store,Card
2259,2024-10-02,93,132,3,Online,Card
2260,2024-02-02,945,30,2,Store,Card
2261,2025-04-23,601,83,1,Online,Cash
2262,2024-02-04,331,180,1,Online,PayPal
2263,2024-06-11,432,122,1,Store,Card
2264,2025-01-01,314,42,1,Online,Card
2265,2025-09-23,468,152,2,Online,Card
2266,2024-09-06,259,186,1,Online,Cash
2267,2024-11-03,42,60,3,Marketplace,Card
2268,2025-03-07,437,199,1,Store,Cash
2269,2024-06-16,525,43,4,Marketplace,PayPal
2270,2025-06-20,204,146,3,Online,Card
2271,2024-02-25,994,24,1,Store,Bank Transfer
2272,2025-04-14,406,43,1,Store,Card
2273,2024-06-25,309,79,1,Online,Card
2274,2024-04-02,742,63,1,Store,Bank Transfer
2275,2024-01-06,489,41,1,Online,Cash
2276,2025-12-16,218,121,2,Store,Bank Transfer
2277,2024-04-08,397,33,1,Marketplace,Card
2278,2024-11-30,920,73,3,Store,Card
2279,2025-02-07,547,19,1,Store,PayPal
2280,2024-01-28,228,156,1,Online,Card
2281,2025-05-28,843,1,2,Store,PayPal
2282,2025-10-23,236,36,1,Online,Card
2283,2024-04-05,348,99,2,Online,Card
2284,2025-01-31,692,124,1,Marketplace,Card
2285,2024-06-16,408,175,2,Online,Bank Transfer
2286,2024-12-20,703,188,1,Marketplace,Bank Transfer
2287,2024-01-13,165,82,1,Online,Cash
2288,2024-01-12,498,168,5,Online,Bank Transfer
2289,2024-11-06,436,67,2,Online,Bank Transfer
2290,2025-04-06,515,96,3,Store,Bank Transfer
2291,2025-01-08,115,46,5,Online,Card
2292,2025-11-21,82,39,1,Marketplace,Bank Transfer
2293,2024-09-21,203,132,3,Store,Card
2294,2024-02-19,476,73,1,Marketplace,Card
2295,2024-02-21,911,154,2,Online,Card
2296,2024-10-30,786,7,2,Online,Card
2297,2024-01-18,458,84,1,Online,Card
2298,2024-02-07,545,190,1,Online,Card
2299,2024-05-09,745,38,2,Online,Card
2300,2025-04-14,706,159,1,Store,Bank Transfer
2301,2025-06-20,583,118,1,Online,Card
2302,2025-09-15,742,164,3,Online,Card
2303,2024-03-21,346,164,2,Online,Card
2304,2024-09-20,739,168,2,Online,PayPal
2305,2024-04-29,813,50,2,Marketplace,Cash
2306,2025-07-06,875,63,2,Online,Cash
2307,2024-08-08,779,112,1,Store,Card
2308,2025-05-28,688,12,2,Marketplace,Cash
2309,2024-10-06,6,105,1,Store,Cash
2310,2024-10-08,274,119,2,Marketplace,Card
2311,2024-08-14,231,5,2,Online,Cash
2312,2025-12-30,624,118,2,Store,Card
2313,2025-02-02,488,143,1,Online,Card
2314,2025-03-31,156,119,3,Online,Card
2315,2024-06-23,690,100,1,Online,Bank Transfer
2316,2024-03-21,647,125,2,Online,Card
2317,2025-06-26,379,78,1,Online,Cash
2318,2024-01-31,160,160,2,Store,Cash
2319,2025-03-01,784,6,3,Online,Bank Transfer
2320,2024-08-28,385,138,1,Store,Bank Transfer
2321,2024-04-09,406,56,1,Online,Card
2322,2024-06-11,786,200,5,Marketplace,Cash
2323,2024-12-26,770,56,1,Store,Card
2324,2025-01-06,646,28,2,Store,Cash
2325,2025-10-13,326,129,2,Online,Bank Transfer
2326,2025-05-21,775,119,1,Marketplace,Card
2327,2024-06-30,410,74,1,Store,Bank Transfer
2328,2025-11-02,177,175,4,Online,Cash
2329,2025-03-04,421,49,2,Store,Card
2330,2025-09-26,516,21,2,Store,PayPal
2331,2024-11-28,625,64,1,Store,Cash
2332,2025-01-14,24,191,2,Store,Card
2333,2025-06-07,885,50,3,Online,Card
2334,2024-09-02,180,121,4,Marketplace,Card
2335,2024-10-27,67,8,1,Online,Card
2336,2025-09-09,455,62,3,Marketplace,Card
2337,2024-04-23,823,155,3,Marketplace,PayPal
2338,2024-09-07,474,185,5,Online,Card
2339,2025-11-24,417,134,5,Marketplace,Card
2340,2025-03-03,981,67,4,Online,Bank Transfer
2341,2025-09-13,663,137,2,Online,Bank Transfer
2342,2024-03-02,300,102,3,Store,Card
2343,2025-02-13,734,131,2,Online,Bank Transfer
2344,2024-04-16,150,68,3,Store,Bank Transfer
2345,2024-06-22,376,106,2,Online,Card
2346,2025-05-09,216,68,1,Store,Card
2347,2025-12-27,504,193,1,Online,Card
2348,2025-03-31,339,116,2,Store,Cash
2349,2024-05-23,152,134,1,Online,Card
2350,2025-01-06,731,75,1,Store,Cash
2351,2024-11-08,487,183,1,Online,Bank Transfer
2352,2025-12-12,132,38,2,Marketplace,Card
2353,2024-08-21,29,55,2,Online,Card
2354,2025-01-07,739,131,2,Marketplace,Card
2355,2025-09-25,922,44,5,Store,Cash
2356,2025-05-28,322,134,1,Marketplace,Card
2357,2024-06-22,892,135,1,Online,Card
2358,2025-11-15,970,17,1,Online,Card
2359,2024-10-11,624,200,2,Online,Card
2360,2025-05-25,471,146,4,Marketplace,Bank Transfer
2361,2025-06-20,920,59,2,Online,Card
2362,2025-10-03,102,85,2,Online,PayPal
2363,2025-07-04,894,21,5,Online,Cash
2364,2024-09-10,251,66,3,Online,PayPal
2365,2024-09-07,234,177,2,Online,PayPal
2366,2024-09-29,566,72,1,Online,Bank Transfer
2367,2024-03-06,928,34,2,Online,Card
2368,2025-08-22,780,149,1,Online,Bank Transfer
2369,2024-02-22,327,163,1,Online,Card
2370,2025-05-02,203,26,2,Online,Card
2371,2025-08-05,10,149,1,Marketplace,Bank Transfer
2372,2025-03-29,797,165,1,Store,Cash
2373,2025-04-12,1,65,3,Store,Card
2374,2024-06-29,337,130,1,Online,Cash
2375,2024-09-27,889,137,1,Online,Cash
2376,2024-11-12,641,113,1,Store,Card
2377,2024-01-07,327,131,1,Online,Card
2378,2025-03-18,690,78,1,Marketplace,Card
2379,2025-12-04,552,47,1,Online,Card
2380,2024-11-10,514,79,1,Online,Card
2381,2024-11-03,950,157,1,Store,Card
2382,2024-07-15,785,102,3,Marketplace,Cash
2383,2024-06-09,334,133,5,Store,Bank Transfer
2384,2024-10-02,235,68,1,Marketplace,Card
2385,2024-05-28,314,86,2,Store,Card
2386,2024-11-11,436,145,1,Online,Bank Transfer
2387,2025-02-17,57,105,1,Store,PayPal
2388,2024-10-07,20,181,1,Store,Card
2389,2025-01-17,25,83,1,Online,Cash
2390,2024-07-23,817,56,2,Online,Card
2391,2024-03-17,249,42,1,Online,Bank Transfer
2392,2025-04-26,975,12,3,Online,PayPal
2393,2025-12-24,499,64,1,Store,Card
2394,2024-04-13,58,164,1,Online,Card
2395,2024-10-18,114,121,1,Store,Card
2396,2025-02-27,845,39,4,Store,Cash
2397,2025-07-29,91,113,1,Store,Bank Transfer
2398,2024-09-23,571,136,3,Store,Card
2399,2024-03-10,892,180,2,Online,Bank Transfer
2400,2025-04-01,766,55,1,Online,Card
2401,2024-12-07,204,174,5,Online,Cash
2402,2024-01-24,144,31,2,Online,Bank Transfer
2403,2024-02-19,852,136,1,Marketplace,Card
2404,2025-08-02,448,9,5,Marketplace,Card
2405,2025-07-05,504,73,2,Store,Bank Transfer
2406,2025-08-01,95,143,3,Online,Bank Transfer
2407,2024-03-30,588,120,2,Marketplace,Bank Transfer
2408,2025-12-01,442,71,1,Marketplace,PayPal
2409,2024-06-04,667,85,1,Store,Card
2410,2025-06-24,800,178,2,Marketplace,Bank Transfer
2411,2025-02-15,589,76,1,Store,Card
2412,2024-08-18,331,110,1,Marketplace,Cash
2413,2024-11-30,546,118,2,Online,Bank Transfer
2414,2024-12-29,915,184,3,Online,Bank Transfer
2415,2024-07-30,316,47,1,Online,PayPal
2416,2024-02-10,799,33,2,Marketplace,Card
2417,2024-11-18,951,59,2,Online,Card
2418,2024-10-04,239,56,3,Online,Bank Transfer
2419,2025-03-26,127,97,1,Marketplace,Bank Transfer
2420,2024-08-01,390,13,1,Online,Card
2421,2025-01-24,605,32,1,Online,PayPal
2422,2025-06-12,125,42,3,Online,Card
2423,2025-09-11,367,192,5,Online,Card
2424,2024-04-02,819,130,1,Online,Card
2425,2025-04-12,17,2,1,Online,PayPal
2426,2024-04-12,364,93,4,Store,Card
2427,2025-10-29,308,59,5,Online,Cash
2428,2025-02-03,897,121,1,Marketplace,Bank Transfer
2429,2024-11-27,47,37,3,Online,Card
2430,2025-06-15,160,36,2,Store,Card
2431,2024-08-02,888,190,2,Online,Card
2432,2024-06-10,430,45,1,Online,Card
2433,2025-11-15,186,94,4,Online,Card
2434,2025-05-24,209,79,1,Online,Bank Transfer
2435,2025-09-28,329,8,3,Online,Bank Transfer
2436,2024-02-05,753,37,4,Online,Card
2437,2025-09-04,740,135,1,Online,Card
2438,2024-08-16,95,108,5,Online,Card
2439,2025-03-01,877,138,1,Marketplace,Bank Transfer
2440,2024-01-01,319,122,1,Marketplace,Card
2441,2025-11-03,553,94,5,Store,Card
2442,2025-05-19,767,147,1,Online,Card
2443,2024-05-26,231,169,1,Online,Card
2444,2025-09-21,108,64,1,Online,Cash
2445,2024-12-02,728,119,2,Online,Cash
2446,2024-09-30,779,34,1,Online,Card
2447,2024-02-05,766,99,2,Store,PayPal
2448,2024-01-15,147,163,1,Store,Card
2449,2024-11-26,12,147,1,Marketplace,Card
2450,2025-08-14,416,116,5,Online,Card
2451,2025-03-26,121,191,1,Store,PayPal
2452,2024-12-11,914,48,1,Store,Card
2453,2025-07-16,468,170,1,Marketplace,Bank Transfer
2454,2024-09-26,65,94,1,Online,Card
2455,2024-04-06,233,118,3,Online,Bank Transfer
2456,2024-05-09,895,89,1,Online,PayPal
2457,2024-03-25,990,130,1,Store,Bank Transfer
2458,2025-06-07,200,37,3,Online,Card
2459,2024-12-28,539,154,3,Store,Card
2460,2024-02-18,820,137,1,Online,PayPal
2461,2025-06-27,171,96,1,Store,Cash
2462,2025-09-25,232,193,2,Online,PayPal
2463,2025-03-10,879,52,1,Marketplace,PayPal
2464,2024-10-30,400,134,5,Marketplace,Card
2465,2024-05-19,739,77,1,Online,Cash
2466,2024-11-15,214,188,2,Marketplace,Card
2467,2025-02-24,144,37,1,Online,PayPal
2468,2024-09-05,401,41,2,Online,Card
2469,2024-12-24,73,58,5,Online,Bank Transfer
2470,2024-05-06,744,190,2,Store,Card
2471,2024-05-25,689,71,3,Online,Card
2472,2024-11-14,537,27,3,Store,Card
2473,2025-03-24,306,32,2,Store,Card
2474,2024-12-15,897,70,4,Online,Bank Transfer
2475,2024-09-18,116,161,1,Store,Bank Transfer
2476,2025-12-09,887,125,3,Online,Card
2477,2025-09-09,983,154,3,Online,Bank Transfer
2478,2025-05-21,857,180,5,Online,Cash
2479,2024-10-13,863,186,2,Marketplace,Cash
2480,2024-12-02,430,171,3,Marketplace,Card
2481,2024-04-13,731,125,1,Online,Cash
2482,2025-11-12,273,27,5,Store,Card
2483,2025-09-13,858,145,1,Online,PayPal
2484,2025-01-26,44,155,1,Store,Cash
2485,2024-04-10,590,25,1,Store,Card
2486,2025-11-19,727,155,1,Online,Bank Transfer
2487,2024-12-21,663,113,3,Store,Card
2488,2025-02-12,833,161,2,Online,PayPal
2489,2024-08-09,581,47,1,Marketplace,Card
2490,2025-02-26,822,8,2,Store,Card
2491,2025-11-30,353,91,5,Online,Card
2492,2024-02-18,333,118,2,Store,Bank Transfer
2493,2024-06-13,215,143,3,Online,Card
2494,2025-02-14,772,90,3,Online,Card
2495,2024-04-01,342,91,2,Store,Bank Transfer
2496,2024-08-21,325,79,1,Store,Cash
2497,2024-11-16,637,128,2,Store,Card
2498,2025-12-25,498,90,1,Online,Card
2499,2024-06-12,983,44,1,Online,Cash
2500,2025-06-02,718,165,2,Store,Card
2501,2025-02-11,634,179,1,Online,Bank Transfer
2502,2025-11-10,415,68,1,Online,Card
2503,2024-05-16,944,99,1,Marketplace,Bank Transfer
2504,2024-10-27,629,146,5,Online,Card
2505,2024-02-11,252,141,1,Marketplace,Card
2506,2024-08-17,854,178,5,Online,Card
2507,2025-10-25,832,56,1,Online,PayPal
2508,2025-09-18,495,113,1,Store,Cash
2509,2025-02-26,191,133,2,Store,Bank Transfer
2510,2025-01-31,765,67,2,Marketplace,Bank Transfer
2511,2024-09-26,442,95,1,Marketplace,Card
2512,2025-07-07,366,20,5,Online,Bank Transfer
2513,2025-12-20,253,138,2,Online,PayPal
2514,2025-06-03,726,122,2,Online,Bank Transfer
2515,2024-08-21,738,90,2,Store,Cash
2516,2024-08-17,477,69,2,Online,Cash
2517,2025-05-24,606,112,1,Marketplace,Card
2518,2025-04-04,573,167,1,Online,Bank Transfer
2519,2024-05-31,66,175,1,Marketplace,Card
2520,2024-09-15,971,187,1,Store,Card
2521,2024-05-16,406,56,2,Online,Cash
2522,2024-11-07,339,60,2,Marketplace,PayPal
2523,2024-05-27,785,139,5,Store,Bank Transfer
2524,2025-09-16,55,183,3,Store,Bank Transfer
2525,2024-03-13,629,17,2,Store,Bank Transfer
2526,2024-09-11,616,199,3,Online,Card
2527,2025-10-26,952,127,2,Online,Card
2528,2025-02-17,588,180,4,Online,Card
2529,2025-12-14,486,36,3,Online,Card
2530,2024-06-30,725,111,4,Online,Card
2531,2025-02-15,206,59,1,Store,Card
2532,2025-04-07,770,25,2,Online,Cash
2533,2025-07-24,61,175,1,Online,PayPal
2534,2025-06-25,13,2,1,Online,Bank Transfer
2535,2025-08-04,577,96,3,Marketplace,Card
2536,2025-09-27,511,47,2,Marketplace,Card
2537,2025-11-30,935,40,2,Store,Bank Transfer
2538,2025-12-24,867,198,1,Online,Bank Transfer
2539,2024-02-01,638,10,4,Marketplace,Bank Transfer
2540,2024-05-03,827,80,4,Online,Cash
2541,2025-08-27,531,43,4,Online,Cash
2542,2025-09-19,943,87,4,Marketplace,Card
2543,2025-02-02,803,115,4,Store,Card
2544,2024-09-09,375,37,1,Store,Card
2545,2025-02-17,43,92,1,Marketplace,Card
2546,2025-11-06,725,194,3,Online,Card
2547,2025-11-10,671,83,4,Store,Bank Transfer
2548,2025-06-18,404,194,2,Online,Card
2549,2025-04-03,782,51,1,Store,Card
2550,2025-01-21,85,126,1,Online,Cash
2551,2025-09-16,399,79,1,Store,Card
2552,2025-12-01,716,15,2,Online,PayPal
2553,2024-11-10,914,151,2,Store,Card
2554,2024-11-17,757,13,2,Online,Card
2555,2024-07-11,361,138,1,Store,Bank Transfer
2556,2025-06-04,537,46,2,Store,Card
2557,2024-08-07,102,118,4,Marketplace,Bank Transfer
2558,2024-03-15,732,53,1,Store,Cash
2559,2024-02-16,945,98,1,Store,PayPal
2560,2024-01-05,927,62,2,Marketplace,Card
2561,2024-06-30,400,59,1,Store,Card
2562,2024-05-25,614,64,2,Online,PayPal
2563,2025-11-27,585,182,3,Store,Card
2564,2025-10-31,755,70,1,Online,Bank Transfer
2565,2025-01-21,285,49,3,Online,Cash
2566,2025-10-03,710,102,1,Store,Card
2567,2025-12-07,229,19,2,Online,PayPal
2568,2025-05-15,69,47,2,Online,Bank Transfer
2569,2025-11-28,733,178,1,Online,Card
2570,2025-08-06,268,28,3,Online,Bank Transfer
2571,2024-07-25,974,23,2,Online,Card
2572,2024-02-06,481,123,1,Online,Bank Transfer
2573,2024-07-07,86,196,2,Online,Card
2574,2025-01-14,449,190,1,Store,Card
2575,2025-05-30,786,49,3,Store,Card
2576,2024-01-15,972,40,1,Marketplace,PayPal
2577,2024-12-24,474,52,4,Online,Card
2578,2024-10-25,518,17,1,Store,Card
2579,2025-03-25,26,113,1,Online,Card
2580,2025-07-24,165,37,2,Online,Card
2581,2024-03-07,420,133,2,Store,Card
2582,2024-11-25,380,10,1,Online,Card
2583,2025-01-25,4,145,1,Online,Cash
2584,2024-08-17,781,161,1,Online,Card
2585,2025-05-02,960,147,2,Online,Cash
2586,2025-04-05,933,192,1,Online,Card
2587,2025-10-13,466,123,4,Online,Card
2588,2025-01-03,230,37,1,Store,PayPal
2589,2025-02-01,264,42,1,Online,Bank Transfer
2590,2024-05-27,44,118,1,Marketplace,Bank Transfer
2591,2025-02-15,129,161,1,Marketplace,Card
2592,2025-03-03,472,188,1,Marketplace,Card
2593,2024-12-11,334,171,1,Store,Card
2594,2024-08-10,730,49,2,Marketplace,Bank Transfer
2595,2025-09-25,373,119,2,Store,Card
2596,2025-10-21,315,55,1,Online,Card
2597,2025-04-08,308,199,4,Online,Card
2598,2024-12-11,565,41,2,Marketplace,Card
2599,2025-03-29,25,178,1,Store,Card
2600,2025-11-27,577,197,1,Online,Bank Transfer
2601,2024-07-21,155,106,1,Online,Bank Transfer
2602,2025-05-13,324,157,4,Store,Bank Transfer
2603,2024-02-06,693,25,3,Online,Card
2604,2024-02-24,340,24,1,Marketplace,Card
2605,2024-06-03,981,55,1,Online,Cash
2606,2024-11-19,598,115,1,Store,Card
2607,2024-04-13,822,144,1,Marketplace,Card
2608,2024-05-01,546,159,1,Store,Cash
2609,2025-12-17,288,177,3,Online,Card
2610,2024-05-30,932,114,1,Online,Bank Transfer
2611,2025-04-29,389,123,1,Online,Cash
2612,2025-01-06,954,113,2,Online,Bank Transfer
2613,2025-05-18,970,172,2,Marketplace,PayPal
2614,2025-01-13,71,46,1,Online,Card
2615,2024-06-02,114,172,1,Store,Card
2616,2024-03-26,364,155,5,Online,Cash
2617,2025-08-27,428,44,1,Online,Card
2618,2025-06-16,926,7,1,Marketplace,Card
2619,2024-09-01,718,79,1,Marketplace,Card
2620,2024-10-06,768,195,2,Store,Card
2621,2024-02-02,134,160,1,Store,Card
2622,2024-07-23,927,121,1,Online,Cash
2623,2025-12-14,385,86,1,Online,PayPal
2624,2025-03-10,417,182,1,Marketplace,Bank Transfer
2625,2025-07-19,198,126,1,Online,Card
2626,2025-11-18,87,171,4,Marketplace,Bank Transfer
2627,2024-01-24,831,33,3,Online,Card
2628,2025-01-17,67,40,2,Online,Card
2629,2024-03-18,10,186,1,Store,Bank Transfer
2630,2025-09-24,73,40,2,Marketplace,PayPal
2631,2025-10-08,895,85,3,Online,Card
2632,2025-12-22,143,52,4,Marketplace,Card
2633,2024-04-03,4,111,3,Online,Card
2634,2024-03-22,397,83,2,Online,Bank Transfer
2635,2025-12-26,508,155,2,Online,Bank Transfer
2636,2025-08-29,886,16,1,Online,Card
2637,2024-07-21,270,37,4,Store,Card
2638,2024-05-06,720,195,1,Online,Card
2639,2024-08-21,167,102,2,Store,Cash
2640,2025-06-02,656,74,1,Online,Card
2641,2024-09-03,544,2,2,Marketplace,Card
2642,2024-06-14,67,16,1,Online,Bank Transfer
2643,2025-09-26,774,111,1,Store,Bank Transfer
2644,2024-01-13,763,173,1,Store,PayPal
2645,2025-01-05,715,175,2,Marketplace,Cash
2646,2024-11-22,462,92,2,Online,Card
2647,2025-05-15,321,140,5,Online,Cash
2648,2024-02-13,708,91,1,Marketplace,Card
2649,2025-02-16,475,119,1,Online,Bank Transfer
2650,2025-03-05,973,7,4,Store,Card
2651,2025-10-09,153,103,1,Online,Bank Transfer
2652,2024-06-25,155,152,4,Online,Card
2653,2025-04-28,154,70,1,Online,Card
2654,2024-11-06,850,141,1,Online,Cash
2655,2025-05-26,444,112,4,Online,PayPal
2656,2024-03-02,362,28,1,Online,Card
2657,2024-10-23,145,61,2,Online,Card
2658,2025-05-17,14,79,2,Online,Card
2659,2025-09-25,440,157,1,Online,Card
2660,2025-01-17,827,177,3,Online,PayPal
2661,2024-03-05,19,115,1,Online,PayPal
2662,2025-12-05,240,81,2,Marketplace,Card
2663,2024-10-14,569,88,2,Online,Card
2664,2024-05-10,989,83,3,Store,PayPal
2665,2025-12-26,608,157,1,Store,Card
2666,2025-04-26,912,5,1,Marketplace,Card
2667,2024-05-31,639,83,1,Online,Cash
2668,2024-09-29,69,116,1,Online,Bank Transfer
2669,2025-12-29,147,94,3,Online,Card
2670,2025-10-10,4,84,1,Store,Cash
2671,2024-10-06,980,82,1,Online,Bank Transfer
2672,2024-07-23,844,166,1,Marketplace,Cash
2673,2024-10-29,752,16,2,Online,Bank Transfer
2674,2024-10-16,255,97,1,Store,Card
2675,2024-09-24,210,37,1,Online,Cash
2676,2025-03-07,81,95,1,Marketplace,Card
2677,2025-10-02,392,143,1,Online,Card
2678,2024-10-07,467,71,1,Store,Card
2679,2025-08-23,132,83,5,Online,Bank Transfer
2680,2025-07-19,489,95,1,Store,Card
2681,2024-01-27,644,112,2,Online,Card
2682,2024-02-05,660,73,1,Store,Card
2683,2025-06-07,58,186,2,Online,Card
2684,2024-03-10,144,39,1,Online,Bank Transfer
2685,2024-04-04,773,93,5,Online,Card
2686,2024-03-12,505,103,2,Online,Cash
2687,2025-02-09,712,40,2,Online,Card
2688,2024-06-11,119,196,4,Online,Card
2689,2025-10-22,700,143,1,Store,Cash
2690,2025-05-05,44,11,1,Online,Card
2691,2024-05-20,513,82,1,Store,Cash
2692,2024-01-20,523,196,1,Online,Bank Transfer
2693,2025-02-28,564,18,1,Store,Card
2694,2025-08-19,504,2,1,Online,Bank Transfer
2695,2025-06-05,921,43,1,Online,Card
2696,2025-10-04,763,160,1,Store,Card
2697,2024-06-12,855,52,3,Online,Card
2698,2024-09-23,403,31,2,Online,Card
2699,2025-10-29,688,132,3,Online,Card
2700,2025-01-31,824,28,2,Marketplace,Card
2701,2025-08-06,754,192,1,Store,Card
2702,2025-08-30,838,78,1,Online,Cash
2703,2025-08-03,912,65,1,Online,Card
2704,2024-07-04,882,86,1,Marketplace,Card
2705,2024-12-01,469,101,2,Online,Card
2706,2025-07-28,612,74,3,Store,PayPal
2707,2024-03-20,632,28,4,Marketplace,Cash
2708,2024-01-12,970,71,4,Online,Card
2709,2025-08-04,985,41,1,Online,Cash
2710,2025-03-09,760,96,1,Online,Card
2711,2024-02-05,921,31,1,Online,PayPal
2712,2024-07-28,124,163,2,Store,Card
2713,2025-05-02,179,4,1,Store,Card
2714,2025-08-16,712,143,1,Online,Cash
2715,2024-03-05,749,178,1,Online,Cash
2716,2024-01-31,39,128,1,Online,Card
2717,2024-01-14,591,12,2,Marketplace,Bank Transfer
2718,2025-12-27,289,185,1,Store,Card
2719,2024-10-05,987,49,1,Online,Card
2720,2025-10-27,46,145,3,Online,PayPal
2721,2025-05-15,811,60,2,Store,Card
2722,2024-03-31,613,95,1,Online,Card
2723,2025-11-05,924,96,2,Online,Card
2724,2025-10-16,356,105,1,Online,Card
2725,2024-12-21,786,75,1,Store,Bank Transfer
2726,2025-11-22,556,105,1,Online,Cash
2727,2024-05-20,341,92,2,Online,Card
2728,2025-11-27,169,11,1,Marketplace,PayPal
2729,2024-05-28,614,88,2,Store,Card
2730,2025-08-10,143,53,3,Online,Bank Transfer
2731,2024-04-24,514,140,1,Online,Card
2732,2025-07-17,681,43,2,Store,Bank Transfer
2733,2025-05-15,120,84,2,Store,Card
2734,2025-02-08,536,169,3,Online,Card
2735,2025-02-21,705,193,5,Online,Cash
2736,2024-06-08,855,178,4,Online,Card
2737,2025-05-31,820,28,1,Marketplace,Cash
2738,2024-11-09,248,194,1,Store,Card
2739,2024-04-08,975,49,1,Online,Card
2740,2024-07-09,848,199,2,Online,Card
2741,2024-05-01,433,92,2,Online,Cash
2742,2024-12-17,398,96,1,Online,Cash
2743,2025-05-04,651,158,2,Store,PayPal
2744,2025-05-26,328,90,1,Store,Bank Transfer
2745,2025-01-27,771,138,3,Online,Cash
2746,2024-12-25,972,176,1,Online,Card
2747,2025-05-14,778,23,1,Online,Card
2748,2025-10-08,945,25,1,Store,Card
2749,2025-04-25,36,83,1,Store,Bank Transfer
2750,2024-08-09,629,106,1,Store,Cash
2751,2025-11-22,800,8,4,Online,Card
2752,2025-04-19,282,179,2,Store,Card
2753,2024-02-19,260,150,1,Online,Card
2754,2025-04-07,301,42,1,Store,Card
2755,2025-12-04,159,20,1,Online,Card
2756,2025-10-31,928,46,3,Online,Card
2757,2024-12-14,887,175,2,Online,Bank Transfer
2758,2025-12-18,971,30,1,Online,Bank Transfer
2759,2025-09-11,577,7,1,Online,Cash
2760,2024-01-22,726,135,4,Online,Card
2761,2025-03-04,486,9,1,Store,Card
2762,2024-03-07,90,68,4,Store,Card
2763,2025-06-03,942,63,4,Marketplace,Card
2764,2024-06-14,89,147,1,Online,Cash
2765,2025-07-13,383,143,1,Online,Bank Transfer
2766,2024-07-08,597,106,1,Online,Card
2767,2024-11-03,137,192,2,Online,Card
2768,2024-01-13,116,135,2,Store,Card
2769,2024-05-20,328,63,3,Store,Card
2770,2025-05-01,490,123,1,Online,Cash
2771,2025-10-04,555,19,1,Online,Card
2772,2024-03-10,490,132,5,Online,Card
2773,2025-10-03,772,106,3,Online,Card
2774,2024-09-25,417,16,3,Online,Card
2775,2025-02-08,29,50,2,Marketplace,Card
2776,2025-09-12,857,58,2,Online,Cash
2777,2025-06-05,911,105,2,Store,Card
2778,2025-09-05,534,74,1,Online,Cash
2779,2025-03-03,68,144,1,Marketplace,Card
2780,2025-10-18,41,95,1,Online,Cash
2781,2024-12-15,311,138,2,Marketplace,Bank Transfer
2782,2025-04-26,524,125,1,Marketplace,Cash
2783,2025-12-12,574,175,2,Store,Cash
2784,2025-04-25,346,24,2,Marketplace,Card
2785,2025-09-23,647,17,1,Online,Card
2786,2024-10-22,609,132,1,Marketplace,Card
2787,2024-09-02,580,49,1,Online,Bank Transfer
2788,2025-06-14,693,106,1,Store,Cash
2789,2024-07-11,787,157,4,Online,Bank Transfer
2790,2024-10-29,195,176,2,Store,Cash
2791,2024-07-28,818,119,2,Online,Bank Transfer
2792,2024-10-25,654,64,1,Store,Bank Transfer
2793,2024-07-06,909,166,3,Online,Card
2794,2024-10-04,955,146,1,Online,Card
2795,2024-03-14,259,32,5,Store,PayPal
2796,2024-01-04,69,49,3,Online,Card
2797,2025-07-17,598,71,2,Online,Card
2798,2025-03-13,644,126,2,Online,Card
2799,2024-05-02,144,47,1,Store,PayPal
2800,2024-02-12,868,18,1,Online,Card
2801,2024-04-08,948,191,2,Online,Bank Transfer
2802,2025-08-03,62,3,1,Marketplace,Bank Transfer
2803,2024-10-18,441,62,1,Store,Cash
2804,2024-09-30,951,142,1,Online,Card
2805,2025-08-21,325,196,1,Store,Bank Transfer
2806,2024-07-27,555,158,1,Online,Cash
2807,2025-09-20,998,70,3,Online,Card
2808,2025-02-20,227,62,1,Online,Card
2809,2024-08-13,287,28,1,Store,Card
2810,2025-09-06,870,99,1,Online,Bank Transfer
2811,2025-02-22,730,114,1,Store,Card
2812,2025-09-21,769,98,1,Store,Card
2813,2025-11-20,504,112,3,Online,Card
2814,2025-05-26,520,158,1,Online,Card
2815,2024-05-27,721,20,2,Store,Card
2816,2025-02-17,213,56,1,Online,Card
2817,2024-10-24,921,60,1,Marketplace,PayPal
2818,2025-12-03,958,145,1,Store,Card
2819,2024-01-23,399,147,1,Online,Card
2820,2025-04-01,932,109,1,Online,Card
2821,2025-01-10,934,67,1,Online,Bank Transfer
2822,2025-10-22,530,154,2,Online,Card
2823,2025-01-25,374,13,3,Online,PayPal
2824,2024-04-04,631,179,2,Online,Card
2825,2024-09-18,464,39,1,Marketplace,Card
2826,2024-07-09,235,105,1,Online,Card
2827,2024-04-04,636,14,2,Store,Bank Transfer
2828,2024-06-29,296,141,1,Online,Card
2829,2024-01-18,828,51,2,Online,Bank Transfer
2830,2024-10-02,837,46,2,Store,Cash
2831,2025-01-12,741,46,1,Marketplace,Card
2832,2024-01-09,334,44,3,Online,Card
2833,2025-05-31,917,15,1,Online,Card
2834,2024-05-15,248,156,3,Store,Card
2835,2024-09-08,466,45,2,Store,Card
2836,2025-09-12,773,11,1,Online,Card
2837,2025-04-16,542,126,2,Online,Card
2838,2025-02-17,911,135,1,Store,Card
2839,2025-09-12,592,184,3,Online,Card
2840,2025-02-21,171,129,3,Online,Card
2841,2024-03-16,615,95,3,Online,PayPal
2842,2025-01-26,385,77,1,Online,Card
2843,2024-01-17,221,112,3,Store,Card
2844,2025-08-27,810,195,2,Store,Card
2845,2024-09-07,146,5,4,Marketplace,Card
2846,2025-02-12,478,183,1,Marketplace,Card
2847,2025-03-01,983,14,1,Online,Cash
2848,2024-04-13,303,96,1,Online,Card
2849,2025-10-31,894,111,1,Online,Bank Transfer
2850,2025-07-18,489,11,4,Marketplace,Card
2851,2024-12-26,340,50,1,Online,Card
2852,2024-04-13,150,191,2,Online,Card
2853,2024-08-11,646,134,1,Online,Card
2854,2025-09-19,472,89,2,Online,Card
2855,2025-06-13,600,32,4,Store,Card
2856,2025-06-10,38,171,3,Store,Cash
2857,2024-03-09,992,40,4,Online,Cash
2858,2025-03-26,750,185,2,Online,Bank Transfer
2859,2024-07-20,96,158,1,Online,Card
2860,2024-11-06,13,35,1,Store,Card
2861,2024-06-04,438,141,2,Marketplace,Card
2862,2024-03-08,168,10,1,Online,Card
2863,2025-04-24,938,43,4,Online,Card
2864,2025-04-15,832,88,2,Marketplace,Bank Transfer
2865,2024-09-21,591,143,2,Marketplace,Bank Transfer
2866,2025-10-08,681,84,2,Store,Bank Transfer
2867,2025-08-26,533,175,1,Store,Bank Transfer
2868,2024-08-19,835,6,1,Online,PayPal
2869,2024-11-03,511,186,5,Online,Cash
2870,2024-09-20,110,38,2,Store,Card
2871,2024-09-11,476,40,4,Store,Card
2872,2025-02-26,761,103,1,Online,Card
2873,2024-06-15,639,124,4,Store,Bank Transfer
2874,2024-02-28,447,104,3,Online,Card
2875,2024-02-01,342,95,1,Online,Bank Transfer
2876,2025-05-18,951,102,2,Online,Bank Transfer
2877,2024-10-20,250,157,3,Online,Cash
2878,2025-08-30,386,22,1,Online,Bank Transfer
2879,2024-06-02,554,110,1,Online,PayPal
2880,2025-12-15,664,39,5,Online,Card
2881,2024-05-16,299,94,2,Marketplace,Cash
2882,2025-11-13,586,23,1,Marketplace,Card
2883,2024-02-09,597,22,5,Store,Bank Transfer
2884,2024-07-15,809,44,4,Store,Card
2885,2024-09-30,608,75,2,Online,Bank Transfer
2886,2024-10-18,142,17,1,Marketplace,Card
2887,2025-12-17,528,25,1,Online,Card
2888,2025-02-06,873,87,2,Store,Bank Transfer
2889,2025-01-02,975,131,1,Store,Bank Transfer
2890,2025-03-04,827,61,3,Store,Cash
2891,2024-08-03,247,119,1,Online,Card
2892,2025-08-24,897,31,1,Marketplace,Card
2893,2024-03-16,290,198,1,Online,Card
2894,2025-05-08,446,105,1,Store,PayPal
2895,2025-07-19,747,151,1,Store,Bank Transfer
2896,2025-11-02,35,94,1,Online,Card
2897,2024-02-02,862,65,1,Store,Card
2898,2025-02-11,803,182,3,Online,Bank Transfer
2899,2025-12-25,433,169,1,Marketplace,Cash
2900,2025-12-17,189,2,3,Online,Card
2901,2024-04-05,499,86,1,Marketplace,Card
2902,2025-09-10,508,72,4,Store,Card
2903,2024-01-10,647,93,2,Store,Card
2904,2024-01-03,108,124,3,Marketplace,Card
2905,2024-05-31,341,175,2,Store,Card
2906,2025-06-27,401,136,5,Store,Cash
2907,2025-03-21,789,188,3,Online,Bank Transfer
2908,2025-07-14,298,138,5,Online,Card
2909,2024-01-19,418,151,2,Store,Card
2910,2025-03-03,952,119,4,Store,Card
2911,2024-11-18,855,152,1,Online,Bank Transfer
2912,2024-02-09,837,59,2,Store,Card
2913,2024-01-05,544,59,1,Marketplace,Card
2914,2025-02-10,3,111,1,Online,Bank Transfer
2915,2025-07-02,834,140,4,Online,Bank Transfer
2916,2025-10-17,807,79,3,Store,Card
2917,2025-08-17,219,137,2,Online,Card
2918,2024-08-28,948,100,2,Online,Card
2919,2024-07-24,15,176,1,Online,Card
2920,2025-05-06,22,26,1,Store,Card
2921,2025-11-04,300,172,1,Online,Card
2922,2024-06-16,371,25,3,Online,PayPal
2923,2025-12-09,562,164,1,Marketplace,Bank Transfer
2924,2024-01-04,977,62,1,Store,Bank Transfer
2925,2024-10-03,989,46,1,Online,Card
2926,2025-07-01,477,131,1,Store,Card
2927,2024-03-26,365,24,1,Online,Card
2928,2024-09-13,743,5,4,Store,PayPal
2929,2024-03-29,65,42,1,Online,Bank Transfer
2930,2025-07-01,199,123,5,Store,Card
2931,2024-12-14,874,100,3,Online,Bank Transfer
2932,2025-02-16,218,43,1,Store,Bank Transfer
2933,2025-12-15,69,191,1,Store,PayPal
2934,2025-05-21,571,198,1,Online,Card
2935,2024-02-12,38,116,1,Store,Card
2936,2025-11-11,957,96,2,Online,Bank Transfer
2937,2024-11-18,883,119,1,Store,Cash
2938,2025-07-28,785,30,2,Online,Cash
2939,2025-07-18,744,195,1,Store,Card
2940,2025-10-15,325,63,1,Store,Card
2941,2024-04-19,57,77,2,Marketplace,Cash
2942,2025-01-23,157,72,1,Online,Card
2943,2025-06-27,373,20,1,Store,Card
2944,2024-01-27,292,84,1,Online,Card
2945,2025-06-21,618,154,3,Online,Card
2946,2024-09-27,787,86,1,Online,Cash
2947,2025-08-19,820,21,1,Online,Bank Transfer
2948,2025-07-17,773,139,4,Online,Bank Transfer
2949,2025-08-14,892,177,2,Marketplace,Cash
2950,2024-04-12,917,104,3,Online,PayPal
2951,2025-03-06,96,169,1,Store,Card
2952,2024-04-06,972,151,1,Marketplace,Card
2953,2025-01-04,416,139,1,Online,PayPal
2954,2024-09-10,84,86,1,Store,Cash
2955,2024-04-16,646,5,1,Store,Card
2956,2025-11-29,522,62,5,Online,Card
2957,2024-10-06,591,187,3,Online,Card
2958,2024-03-01,441,55,2,Online,Bank Transfer
2959,2024-10-26,353,35,1,Store,PayPal
2960,2024-10-21,276,64,2,Marketplace,Bank Transfer
2961,2024-09-18,664,155,1,Marketplace,Card
2962,2024-07-14,765,65,2,Store,Bank Transfer
2963,2025-08-17,123,172,1,Store,Card
2964,2024-09-12,763,12,2,Store,Card
2965,2024-08-11,284,29,2,Store,Bank Transfer
2966,2025-12-13,15,106,1,Online,Card
2967,2025-10-25,805,32,3,Online,Card
2968,2025-11-06,532,175,1,Store,Bank Transfer
2969,2024-05-29,212,100,1,Marketplace,Bank Transfer
2970,2025-11-09,249,126,1,Online,Card
2971,2024-01-04,444,119,1,Store,Bank Transfer
2972,2025-04-14,537,75,1,Online,Card
2973,2024-10-17,287,46,1,Online,Bank Transfer
2974,2025-06-26,67,151,1,Online,Card
2975,2024-07-24,705,71,3,Marketplace,Card
2976,2025-05-06,226,113,4,Online,Card
2977,2025-05-12,394,57,5,Store,Cash
2978,2024-05-28,113,69,2,Online,Cash
2979,2024-10-05,883,169,2,Online,Card
2980,2024-03-05,581,28,1,Online,Bank Transfer
2981,2025-11-15,954,143,3,Store,PayPal
2982,2024-07-06,643,128,5,Online,PayPal
2983,2024-12-01,787,177,3,Online,Card
2984,2025-05-07,199,48,1,Online,Bank Transfer
2985,2024-09-14,713,70,2,Store,Cash
2986,2025-09-08,579,145,1,Online,Cash
2987,2024-09-07,333,12,3,Online,Bank Transfer
2988,2025-06-29,342,127,1,Marketplace,Card
2989,2024-03-19,106,145,4,Online,Bank Transfer
2990,2024-07-28,479,106,2,Store,Card
2991,2025-07-15,452,184,1,Store,Card
2992,2024-04-09,38,66,1,Store,Card
2993,2024-10-14,659,151,4,Marketplace,Card
2994,2024-08-30,627,31,1,Online,Cash
2995,2025-10-06,961,195,1,Online,Card
2996,2024-06-20,674,194,2,Online,Bank Transfer
2997,2024-08-09,815,106,4,Online,Card
2998,2024-08-22,948,148,1,Online,Card
2999,2024-12-31,772,116,2,Online,Bank Transfer
3000,2025-10-04,586,6,2,Online,Bank Transfer
3001,2024-08-27,756,12,2,Online,Card
3002,2024-05-15,303,118,1,Online,Cash
3003,2024-02-02,121,186,4,Online,Cash
3004,2024-11-02,855,176,1,Store,Bank Transfer
3005,2024-06-11,486,97,1,Online,Card
3006,2025-12-01,864,108,1,Store,Card
3007,2024-06-06,426,28,1,Store,Card
3008,2025-12-31,533,183,2,Store,PayPal
3009,2025-08-28,921,150,5,Marketplace,Card
3010,2025-08-31,546,170,2,Marketplace,Card
3011,2025-09-17,857,114,1,Online,Card
3012,2024-01-21,201,104,1,Store,Card
3013,2024-04-03,896,149,1,Store,PayPal
3014,2024-08-23,755,180,2,Marketplace,Cash
3015,2025-02-08,932,167,2,Store,Card
3016,2025-06-14,185,138,4,Store,Card
3017,2024-02-21,521,156,2,Online,Card
3018,2024-03-26,348,135,2,Online,Card
3019,2024-05-19,848,46,1,Online,Bank Transfer
3020,2024-05-23,823,57,2,Online,Card
3021,2025-03-28,74,109,2,Online,Bank Transfer
3022,2024-11-25,472,43,2,Marketplace,Card
3023,2024-02-03,784,3,3,Store,Cash
3024,2024-02-01,86,83,1,Store,Cash
3025,2024-03-24,85,177,1,Marketplace,Card
3026,2025-07-05,664,96,1,Store,PayPal
3027,2024-01-27,737,39,5,Online,Cash
3028,2025-05-31,662,75,3,Online,Card
3029,2024-05-31,615,172,2,Online,Card
3030,2024-03-19,155,45,3,Online,Cash
3031,2024-02-13,322,98,1,Online,Card
3032,2024-02-15,614,13,1,Online,Card
3033,2024-12-19,652,88,1,Store,Card
3034,2024-06-02,415,97,2,Online,Card
3035,2024-10-02,524,59,5,Online,Card
3036,2024-11-13,842,44,3,Online,Card
3037,2024-02-10,641,121,1,Online,Card
3038,2025-09-20,572,118,2,Store,Card
3039,2025-10-01,798,163,5,Marketplace,Card
3040,2024-05-08,67,16,1,Online,Card
3041,2025-02-05,259,136,1,Store,Card
3042,2024-01-06,268,161,2,Marketplace,Cash
3043,2025-07-14,972,122,1,Marketplace,Card
3044,2025-01-22,736,196,1,Store,Card
3045,2024-09-05,159,173,1,Store,Cash
3046,2024-10-29,744,44,2,Store,Cash
3047,2024-11-10,418,77,1,Online,Card
3048,2024-05-13,378,185,2,Online,Card
3049,2024-11-13,984,200,1,Online,Card
3050,2025-02-03,299,162,1,Online,Bank Transfer
3051,2024-10-24,888,11,1,Store,Bank Transfer
3052,2025-01-12,349,140,2,Online,PayPal
3053,2024-01-24,685,22,1,Online,Bank Transfer
3054,2024-10-24,526,148,5,Online,PayPal
3055,2024-01-24,791,58,2,Online,Cash
3056,2025-05-27,532,46,3,Online,Bank Transfer
3057,2024-05-17,477,157,3,Online,Cash
3058,2024-02-08,297,176,2,Marketplace,Card
3059,2024-07-28,939,56,1,Store,Card
3060,2025-06-22,264,151,1,Store,Card
3061,2024-08-15,827,37,3,Online,Bank Transfer
3062,2025-04-10,539,120,2,Store,Card
3063,2025-09-13,1000,51,1,Online,Cash
3064,2025-05-19,222,35,1,Online,Card
3065,2025-02-20,876,9,2,Marketplace,PayPal
3066,2025-09-18,780,130,1,Marketplace,PayPal
3067,2024-04-07,473,129,3,Store,Bank Transfer
3068,2025-06-21,914,3,1,Online,Bank Transfer
3069,2024-01-31,601,28,1,Online,Card
3070,2025-09-03,537,4,1,Online,Card
3071,2025-12-20,510,68,2,Store,Cash
3072,2025-03-01,939,1,4,Store,Card
3073,2025-09-16,812,89,1,Online,Card
3074,2024-03-13,828,32,4,Store,Cash
3075,2024-04-21,553,75,1,Online,Card
3076,2024-01-28,601,36,3,Online,Card
3077,2024-06-10,965,56,2,Online,Card
3078,2025-04-07,282,86,1,Online,Card
3079,2024-02-07,713,191,3,Online,Card
3080,2025-02-21,964,192,1,Online,Card
3081,2024-12-11,244,127,4,Online,PayPal
3082,2024-02-17,532,178,1,Store,Card
3083,2024-01-19,962,11,4,Marketplace,Card
3084,2024-07-27,370,100,1,Store,Bank Transfer
3085,2024-01-28,396,40,2,Online,PayPal
3086,2024-08-05,103,45,3,Online,Card
3087,2024-02-23,838,111,2,Online,Cash
3088,2025-05-12,642,125,1,Store,PayPal
3089,2025-09-28,216,135,3,Online,PayPal
3090,2024-04-28,248,78,4,Online,Card
3091,2025-04-03,799,50,1,Online,Bank Transfer
3092,2025-07-17,755,136,1,Online,Card
3093,2025-01-18,630,186,1,Online,Card
3094,2025-12-08,711,5,2,Online,Card
3095,2025-08-01,595,182,1,Online,Cash
3096,2024-01-17,732,116,5,Store,Card
3097,2025-09-04,724,147,2,Store,Bank Transfer
3098,2025-08-09,828,97,3,Store,Bank Transfer
3099,2025-10-19,620,195,2,Store,Cash
3100,2025-04-12,92,134,1,Online,Card
3101,2025-01-28,653,146,1,Online,Card
3102,2024-01-22,791,129,4,Store,Bank Transfer
3103,2024-07-18,977,45,4,Online,Bank Transfer
3104,2024-08-16,302,200,1,Marketplace,Card
3105,2025-07-27,984,15,1,Store,PayPal
3106,2025-04-29,159,102,2,Online,Card
3107,2024-02-01,658,114,1,Online,Cash
3108,2024-08-21,533,156,1,Store,Cash
3109,2025-01-05,666,63,4,Online,Cash
3110,2025-07-28,776,5,3,Marketplace,Bank Transfer
3111,2024-12-18,984,105,4,Online,Card
3112,2025-12-12,580,157,1,Online,Bank Transfer
3113,2024-05-30,416,152,3,Online,Card
3114,2025-11-07,273,24,3,Online,Card
3115,2025-02-20,646,19,4,Online,Cash
3116,2025-03-12,101,173,3,Marketplace,Bank Transfer
3117,2025-06-25,322,147,1,Marketplace,Card
3118,2024-07-15,796,69,1,Online,Cash
3119,2024-11-14,871,131,1,Marketplace,Bank Transfer
3120,2024-06-17,490,193,1,Online,Bank Transfer
3121,2025-03-20,615,101,4,Online,PayPal
3122,2024-04-29,854,196,1,Online,Card
3123,2024-07-16,834,157,1,Marketplace,Bank Transfer
3124,2024-02-19,969,17,1,Online,Cash
3125,2024-03-23,301,162,2,Marketplace,Card
3126,2025-04-09,418,199,1,Store,Card
3127,2025-08-19,973,114,2,Store,Card
3128,2025-01-12,226,164,1,Online,Card
3129,2025-03-29,614,73,1,Online,PayPal
3130,2024-05-23,744,104,3,Online,Card
3131,2024-05-20,353,5,2,Online,Bank Transfer
3132,2025-10-02,846,122,4,Marketplace,PayPal
3133,2025-08-01,717,155,1,Store,Card
3134,2025-06-20,691,137,1,Marketplace,Card
3135,2025-04-09,238,23,4,Marketplace,Card
3136,2024-06-24,208,89,4,Online,Card
3137,2024-03-22,476,3,1,Marketplace,PayPal
3138,2025-11-25,105,21,2,Online,Card
3139,2025-03-08,244,132,5,Online,Card
3140,2025-07-13,588,89,1,Online,Card
3141,2025-11-14,559,76,1,Store,Bank Transfer
3142,2024-06-21,886,149,1,Online,Card
3143,2025-06-06,45,25,1,Online,Card
3144,2025-04-07,210,175,1,Online,Card
3145,2024-04-20,950,37,4,Store,Card
3146,2025-06-09,175,48,1,Store,Cash
3147,2025-05-18,916,151,2,Online,Cash
3148,2024-09-24,532,108,1,Online,Bank Transfer
3149,2025-05-18,804,188,2,Online,Bank Transfer
3150,2024-08-25,896,139,1,Online,Card
3151,2025-07-10,698,82,1,Online,Cash
3152,2025-04-05,983,190,1,Store,Cash
3153,2025-10-13,439,104,2,Marketplace,Card
3154,2025-12-17,63,104,3,Online,PayPal
3155,2025-06-14,799,38,3,Online,Bank Transfer
3156,2025-01-20,554,37,1,Store,Card
3157,2025-10-06,358,84,2,Online,Card
3158,2025-11-06,375,4,3,Online,Card
3159,2024-04-17,704,68,1,Online,Card
3160,2025-10-28,789,45,1,Store,Card
3161,2025-02-11,993,117,3,Marketplace,Cash
3162,2025-07-01,792,175,1,Online,Cash
3163,2024-10-22,803,140,3,Marketplace,Card
3164,2024-02-08,872,85,3,Marketplace,Cash
3165,2024-08-23,679,139,1,Store,Bank Transfer
3166,2024-09-13,520,75,2,Online,Cash
3167,2025-09-16,525,142,2,Store,Card
3168,2025-04-07,642,140,2,Marketplace,Bank Transfer
3169,2024-02-06,712,168,1,Online,Card
3170,2025-07-11,412,115,1,Online,Bank Transfer
3171,2025-11-03,192,7,4,Online,Card
3172,2024-03-20,987,158,1,Store,PayPal
3173,2025-05-21,626,137,1,Online,Bank Transfer
3174,2025-08-11,938,112,2,Store,Card
3175,2024-05-12,328,133,2,Online,Bank Transfer
3176,2025-10-20,545,82,2,Online,Cash
3177,2025-11-29,641,61,1,Store,Bank Transfer
3178,2025-11-10,917,93,3,Online,Bank Transfer
3179,2024-12-05,703,117,2,Online,Card
3180,2024-10-13,922,139,1,Store,Bank Transfer
3181,2024-10-01,258,47,4,Online,Cash
3182,2024-07-19,144,91,3,Store,Card
3183,2024-09-09,650,35,2,Store,Bank Transfer
3184,2025-02-04,851,57,3,Online,PayPal
3185,2025-08-09,957,27,1,Online,Card
3186,2025-11-27,938,84,1,Store,Bank Transfer
3187,2025-05-09,183,88,1,Marketplace,Card
3188,2025-08-26,227,178,1,Online,Bank Transfer
3189,2025-01-13,105,58,3,Marketplace,Card
3190,2025-12-28,401,95,1,Marketplace,Card
3191,2024-09-26,980,99,4,Store,Card
3192,2024-11-24,775,125,3,Online,Card
3193,2024-01-08,199,79,2,Online,Cash
3194,2025-06-08,845,148,1,Store,PayPal
3195,2025-09-05,496,43,1,Online,Bank Transfer
3196,2025-08-18,242,69,3,Online,Card
3197,2025-02-07,315,23,1,Online,Card
3198,2024-12-01,208,28,1,Online,Cash
3199,2024-08-07,838,108,1,Store,Card
3200,2024-08-31,818,110,1,Online,Card
3201,2025-09-27,273,39,2,Store,Card
3202,2024-03-30,37,199,1,Online,Cash
3203,2024-05-04,713,152,2,Store,Cash
3204,2024-05-14,776,123,1,Online,Card
3205,2025-06-10,540,143,3,Online,Card
3206,2024-05-20,958,85,2,Marketplace,Bank Transfer
3207,2025-03-02,60,84,3,Store,Card
3208,2025-04-05,552,114,1,Marketplace,Card
3209,2025-12-24,346,131,1,Store,Cash
3210,2025-07-08,648,87,2,Online,Card
3211,2024-11-20,807,183,3,Online,Card
3212,2024-11-07,981,158,4,Marketplace,Bank Transfer
3213,2025-03-14,341,7,1,Marketplace,Bank Transfer
3214,2024-02-13,160,79,1,Online,Cash
3215,2024-08-25,75,61,1,Marketplace,Bank Transfer
3216,2024-04-28,819,84,3,Online,Card
3217,2024-12-14,493,9,2,Store,Card
3218,2024-07-05,699,26,1,Online,Card
3219,2025-09-23,393,99,2,Marketplace,Card
3220,2025-05-26,987,177,5,Online,Card
3221,2025-10-14,808,113,2,Online,Card
3222,2024-01-07,133,94,3,Marketplace,Bank Transfer
3223,2025-01-12,295,54,4,Online,Card
3224,2024-06-26,725,140,3,Online,Card
3225,2024-03-05,130,52,2,Marketplace,Cash
3226,2025-10-03,313,160,1,Online,Card
3227,2024-04-02,533,63,1,Online,Card
3228,2025-07-20,475,89,1,Online,Card
3229,2025-06-15,724,23,2,Online,Card
3230,2024-12-24,492,119,1,Store,Card
3231,2025-10-04,273,124,1,Online,Cash
3232,2024-02-03,334,37,2,Online,Bank Transfer
3233,2025-11-16,760,117,1,Store,Card
3234,2024-04-14,402,14,2,Online,Card
3235,2024-05-03,661,121,1,Online,Card
3236,2025-03-29,807,184,2,Marketplace,Cash
3237,2024-07-09,980,8,1,Online,Cash
3238,2025-08-03,932,158,1,Online,Card
3239,2024-04-13,751,110,3,Store,Cash
3240,2025-10-17,311,61,2,Online,Bank Transfer
3241,2024-11-28,669,94,2,Online,Cash
3242,2025-07-07,209,82,2,Online,Card
3243,2025-05-15,743,166,1,Store,Card
3244,2024-06-14,828,101,1,Marketplace,Cash
3245,2024-09-24,887,65,2,Marketplace,Card
3246,2024-04-29,185,115,2,Store,Cash
3247,2024-01-03,192,147,1,Online,Card
3248,2024-09-09,683,153,1,Online,Card
3249,2024-04-25,220,126,2,Store,Card
3250,2025-07-25,969,133,1,Online,Bank Transfer
3251,2024-04-10,138,94,1,Store,Bank Transfer
3252,2025-07-15,193,45,1,Online,Bank Transfer
3253,2025-05-15,622,176,4,Online,Card
3254,2025-08-05,449,90,2,Store,Bank Transfer
3255,2025-01-16,684,132,1,Online,Card
3256,2024-03-03,818,193,3,Store,Card
3257,2024-01-18,285,78,1,Online,Card
3258,2025-08-09,876,147,1,Online,Card
3259,2024-06-15,977,54,4,Store,PayPal
3260,2024-04-05,24,200,1,Store,Bank Transfer
3261,2025-08-23,768,90,2,Online,Card
3262,2024-10-10,670,189,2,Online,Bank Transfer
3263,2024-01-06,591,107,5,Online,Cash
3264,2025-05-26,96,156,5,Online,Card
3265,2024-06-03,750,39,1,Online,Bank Transfer
3266,2025-12-18,984,118,1,Store,Card
3267,2024-04-27,621,198,2,Online,Card
3268,2025-02-16,108,34,4,Online,Cash
3269,2024-02-02,458,35,2,Store,PayPal
3270,2025-03-24,955,64,1,Store,Bank Transfer
3271,2024-02-07,301,147,1,Online,Card
3272,2024-01-14,677,46,1,Marketplace,Bank Transfer
3273,2025-06-17,107,39,3,Online,Card
3274,2024-10-18,24,143,2,Store,Card
3275,2024-12-11,881,3,2,Online,Card
3276,2025-09-02,294,97,1,Store,Cash
3277,2025-12-18,868,94,5,Online,Card
3278,2024-03-08,830,190,2,Online,PayPal
3279,2025-11-13,583,153,1,Store,Cash
3280,2024-01-18,795,25,1,Online,Card
3281,2024-07-14,435,92,2,Online,Card
3282,2024-05-13,218,7,1,Online,Bank Transfer
3283,2024-06-08,27,37,5,Marketplace,Card
3284,2025-01-05,629,42,1,Store,Card
3285,2024-06-19,614,159,1,Store,PayPal
3286,2025-03-17,437,152,1,Online,Card
3287,2024-10-15,544,167,4,Online,Card
3288,2024-06-11,848,176,2,Online,Bank Transfer
3289,2024-10-19,34,64,1,Online,Card
3290,2025-02-19,980,128,2,Store,Card
3291,2025-03-09,915,79,2,Online,Cash
3292,2024-12-22,381,73,1,Online,Card
3293,2025-05-06,862,28,1,Store,Card
3294,2024-01-03,114,12,2,Store,Bank Transfer
3295,2025-06-10,126,10,1,Store,Bank Transfer
3296,2025-02-26,568,59,1,Online,Bank Transfer
3297,2024-04-02,501,42,1,Online,Card
3298,2024-04-09,832,187,2,Online,Card
3299,2024-02-01,890,185,1,Online,Card
3300,2024-03-27,201,131,1,Online,Card
3301,2025-04-18,730,59,1,Marketplace,Bank Transfer
3302,2024-10-21,370,136,5,Online,Card
3303,2025-02-14,180,30,2,Online,Cash
3304,2024-07-05,358,137,3,Store,Card
3305,2025-12-21,440,153,1,Online,Card
3306,2024-01-06,342,51,5,Store,Bank Transfer
3307,2025-09-13,413,41,3,Marketplace,Card
3308,2024-09-17,859,112,4,Online,Card
3309,2024-12-27,600,17,2,Store,Cash
3310,2025-05-01,20,9,1,Online,Card
3311,2024-04-12,319,85,2,Online,Card
3312,2024-04-29,52,115,2,Store,Card
3313,2024-09-15,39,6,2,Online,Card
3314,2025-07-19,70,184,2,Store,Bank Transfer
3315,2025-12-14,277,147,1,Online,PayPal
3316,2024-03-08,325,45,1,Store,Card
3317,2025-08-26,305,166,3,Store,PayPal
3318,2025-02-08,803,156,2,Online,Card
3319,2024-03-07,204,119,2,Store,Bank Transfer
3320,2025-01-26,618,143,2,Online,PayPal
3321,2024-04-11,153,56,1,Marketplace,Card
3322,2025-08-07,273,64,1,Online,Card
3323,2024-07-06,216,189,2,Online,Cash
3324,2024-10-23,597,146,4,Marketplace,Card
3325,2024-01-16,69,183,3,Online,Bank Transfer
3326,2025-11-07,143,7,1,Online,Card
3327,2025-07-07,865,44,1,Online,Bank Transfer
3328,2025-11-07,682,169,1,Store,Cash
3329,2024-04-07,871,140,4,Store,Card
3330,2025-12-01,719,193,2,Online,Card
3331,2025-08-21,460,38,4,Online,Card
3332,2024-01-23,749,138,2,Store,Card
3333,2025-11-08,521,8,3,Marketplace,PayPal
3334,2025-02-12,916,67,1,Online,Bank Transfer
3335,2025-04-07,970,92,2,Store,Card
3336,2025-03-26,996,130,1,Marketplace,Card
3337,2024-03-04,832,7,1,Online,Card
3338,2025-04-29,683,24,3,Online,Card
3339,2025-07-30,88,77,2,Online,Cash
3340,2024-03-27,957,41,2,Online,Bank Transfer
3341,2024-10-03,811,43,2,Online,PayPal
3342,2024-06-03,475,186,3,Store,PayPal
3343,2025-05-03,681,163,1,Online,Card
3344,2025-12-31,121,67,4,Online,Cash
3345,2024-04-25,364,110,1,Marketplace,Cash
3346,2024-06-30,500,73,2,Store,Cash
3347,2024-08-17,342,186,1,Online,PayPal
3348,2025-08-17,818,169,2,Online,Card
3349,2024-02-16,907,155,4,Store,Card
3350,2025-09-16,386,99,2,Store,PayPal
3351,2025-03-15,27,69,1,Online,Card
3352,2024-01-12,157,144,1,Online,Card
3353,2024-12-30,594,195,1,Store,Card
3354,2025-07-13,129,1,2,Store,Bank Transfer
3355,2024-08-15,273,137,1,Store,Card
3356,2024-02-12,902,112,1,Online,Card
3357,2025-06-23,456,155,2,Online,Cash
3358,2024-03-05,92,77,1,Marketplace,Card
3359,2024-09-11,367,170,3,Store,Bank Transfer
3360,2024-07-28,732,105,1,Online,Bank Transfer
3361,2024-01-01,350,48,5,Online,Card
3362,2025-07-23,524,25,1,Store,Bank Transfer
3363,2024-06-18,369,72,3,Online,Card
3364,2025-09-23,100,110,1,Online,Card
3365,2024-10-23,281,8,3,Online,Bank Transfer
3366,2025-04-26,774,190,1,Marketplace,Bank Transfer
3367,2025-06-12,130,180,1,Online,Bank Transfer
3368,2025-10-07,43,140,2,Marketplace,Card
3369,2025-02-14,473,142,1,Online,Card
3370,2025-02-27,530,27,3,Store,Cash
3371,2025-02-07,642,97,4,Online,Cash
3372,2025-07-05,633,64,2,Store,Cash
3373,2025-07-16,451,80,4,Online,Card
3374,2024-04-02,336,88,2,Marketplace,Bank Transfer
3375,2024-02-20,114,32,2,Store,Cash
3376,2024-02-29,866,176,3,Marketplace,Card
3377,2025-01-25,911,178,1,Online,Card
3378,2025-03-08,700,187,1,Store,Card
3379,2025-07-22,827,102,1,Online,Card
3380,2025-12-27,664,33,1,Store,Card
3381,2025-09-05,58,98,1,Online,Cash
3382,2025-10-28,587,78,3,Online,PayPal
3383,2024-09-13,184,13,1,Online,Card
3384,2024-10-07,805,190,3,Store,Card
3385,2025-02-24,52,84,3,Online,Card
3386,2024-11-14,323,109,3,Online,Card
3387,2025-07-04,914,8,2,Store,Card
3388,2024-11-22,988,57,1,Online,Cash
3389,2025-03-11,134,63,3,Online,Bank Transfer
3390,2025-01-25,803,34,3,Online,Card
3391,2025-12-18,297,14,1,Store,Cash
3392,2024-12-21,235,14,1,Marketplace,Card
3393,2024-07-10,122,45,1,Online,Bank Transfer
3394,2025-04-07,439,123,2,Online,Card
3395,2024-11-19,628,18,1,Online,Card
3396,2025-12-27,103,24,1,Marketplace,Card
3397,2024-09-14,547,133,2,Marketplace,Card
3398,2025-07-03,16,28,1,Online,Card
3399,2025-12-29,507,144,1,Marketplace,Card
3400,2025-09-01,904,92,1,Store,Card
3401,2024-10-06,457,35,5,Online,Card
3402,2024-06-17,654,109,1,Store,PayPal
3403,2024-02-24,209,136,1,Store,Bank Transfer
3404,2024-12-16,234,111,1,Store,Card
3405,2025-06-29,50,119,2,Marketplace,Cash
3406,2025-01-12,272,132,1,Online,Cash
3407,2025-12-12,770,60,2,Marketplace,Card
3408,2024-10-01,49,9,2,Online,Card
3409,2025-01-11,293,167,1,Store,Bank Transfer
3410,2024-03-19,115,36,4,Online,Bank Transfer
3411,2025-04-03,293,198,2,Store,Bank Transfer
3412,2025-05-18,699,159,2,Marketplace,Card
3413,2025-02-11,783,53,1,Online,Cash
3414,2024-06-19,502,44,1,Marketplace,Cash
3415,2025-01-23,702,44,3,Marketplace,Card
3416,2024-01-13,671,139,1,Store,Cash
3417,2025-01-31,986,64,3,Online,Bank Transfer
3418,2024-07-18,34,99,2,Store,Card
3419,2025-07-12,516,38,1,Marketplace,Card
3420,2024-08-23,903,79,1,Marketplace,Bank Transfer
3421,2025-10-11,759,27,2,Store,Card
3422,2025-04-30,518,74,2,Online,Card
3423,2024-06-25,286,66,1,Store,Card
3424,2024-09-25,438,14,3,Online,Card
3425,2025-01-05,705,17,1,Store,Card
3426,2025-07-19,110,4,2,Store,PayPal
3427,2025-11-16,329,62,2,Online,Card
3428,2025-05-29,525,170,1,Online,Card
3429,2025-09-29,582,149,1,Store,Card
3430,2024-06-07,907,196,2,Online,PayPal
3431,2024-11-18,493,149,2,Store,Card
3432,2025-04-05,698,36,1,Online,Bank Transfer
3433,2025-09-04,554,192,5,Store,Card
3434,2024-05-15,927,53,3,Store,Cash
3435,2024-06-15,534,61,1,Store,Card
3436,2024-04-25,662,169,2,Online,PayPal
3437,2024-06-09,967,146,1,Online,Bank Transfer
3438,2024-02-20,729,148,2,Online,Card
3439,2024-02-15,836,30,1,Online,Bank Transfer
3440,2024-01-17,65,178,2,Online,Card
3441,2024-02-16,932,8,2,Store,Cash
3442,2025-07-25,942,174,1,Online,Card
3443,2024-03-26,838,76,1,Online,Card
3444,2024-03-04,940,186,1,Store,PayPal
3445,2025-10-27,250,165,4,Store,Bank Transfer
3446,2025-05-09,283,108,3,Store,Cash
3447,2024-05-21,200,81,1,Marketplace,Cash
3448,2025-11-23,810,26,1,Online,Bank Transfer
3449,2024-01-18,469,193,1,Online,Card
3450,2024-10-12,967,85,5,Store,Card
3451,2024-03-17,340,6,4,Online,Card
3452,2025-11-15,400,109,1,Online,PayPal
3453,2025-02-06,939,95,1,Online,Card
3454,2024-08-18,289,1,3,Online,Card
3455,2025-09-20,838,152,1,Store,Card
3456,2025-09-21,16,95,3,Store,Card
3457,2025-07-15,208,76,2,Online,Bank Transfer
3458,2025-08-01,637,104,1,Store,Bank Transfer
3459,2025-06-24,240,139,1,Store,Bank Transfer
3460,2025-08-02,122,121,2,Store,Cash
3461,2025-09-21,75,94,1,Store,Card
3462,2025-01-06,465,20,2,Marketplace,Card
3463,2025-08-31,243,33,1,Online,Card
3464,2025-12-19,783,92,1,Marketplace,Card
3465,2025-07-26,851,48,1,Online,Card
3466,2024-01-06,780,147,1,Online,Card
3467,2025-04-17,370,86,2,Marketplace,Card
3468,2025-05-13,468,75,2,Store,Card
3469,2024-10-30,395,155,1,Online,Card
3470,2025-10-22,565,38,1,Store,Cash
3471,2024-05-21,447,69,1,Online,PayPal
3472,2024-12-08,525,151,1,Online,Bank Transfer
3473,2024-09-27,739,188,1,Marketplace,Card
3474,2025-07-20,355,175,1,Online,Bank Transfer
3475,2024-11-22,446,200,2,Online,Cash
3476,2024-05-09,865,94,1,Online,Cash
3477,2024-02-20,65,162,1,Marketplace,Bank Transfer
3478,2025-02-23,282,14,1,Online,Card
3479,2025-04-26,182,129,1,Store,Card
3480,2024-10-13,6,15,1,Online,PayPal
3481,2025-06-13,188,42,2,Store,Card
3482,2024-05-19,430,19,1,Marketplace,PayPal
3483,2025-01-17,7,124,1,Store,PayPal
3484,2025-10-18,715,193,4,Online,Cash
3485,2024-01-02,626,46,3,Marketplace,Card
3486,2025-11-03,89,81,1,Online,Bank Transfer
3487,2025-01-06,233,113,1,Store,Card
3488,2024-02-03,474,19,3,Store,Cash
3489,2024-01-05,980,124,1,Store,PayPal
3490,2024-03-29,899,130,2,Online,Bank Transfer
3491,2025-12-16,301,59,3,Online,Cash
3492,2025-04-24,424,152,2,Online,Bank Transfer
3493,2024-12-18,135,153,1,Marketplace,Bank Transfer
3494,2025-02-27,857,188,1,Store,Bank Transfer
3495,2024-05-24,486,52,3,Store,Card
3496,2024-03-13,37,67,1,Online,Bank Transfer
3497,2025-11-10,626,104,1,Online,Card
3498,2024-10-30,219,187,1,Online,Bank Transfer
3499,2024-09-04,346,39,1,Online,Bank Transfer
3500,2025-07-12,446,10,2,Online,Cash
3501,2024-08-12,735,65,4,Marketplace,Card
3502,2025-07-14,311,46,1,Online,PayPal
3503,2025-10-07,993,77,1,Online,Card
3504,2024-12-08,55,115,3,Marketplace,Bank Transfer
3505,2025-02-06,369,115,2,Online,Card
3506,2025-02-10,164,53,2,Store,Card
3507,2024-02-04,554,86,4,Online,Card
3508,2025-10-06,717,80,2,Store,Cash
3509,2024-08-27,103,22,5,Online,Card
3510,2025-02-01,98,154,5,Online,Card
3511,2024-10-29,722,114,2,Online,Bank Transfer
3512,2024-06-21,650,7,1,Store,PayPal
3513,2024-11-18,838,69,2,Online,Card
3514,2024-01-01,915,22,2,Online,PayPal
3515,2025-08-02,366,16,1,Marketplace,Bank Transfer
3516,2025-12-17,942,13,1,Online,Card
3517,2024-07-06,929,89,5,Store,Cash
3518,2024-09-22,451,163,4,Online,Card
3519,2024-02-14,979,127,1,Online,Card
3520,2024-05-12,475,153,2,Marketplace,Bank Transfer
3521,2025-08-27,691,94,2,Marketplace,Cash
3522,2024-03-08,50,3,5,Online,Cash
3523,2024-08-09,994,78,3,Online,Cash
3524,2025-08-15,122,1,1,Online,Card
3525,2024-08-07,439,12,2,Store,Bank Transfer
3526,2024-03-06,74,139,1,Store,Card
3527,2024-08-14,670,87,4,Store,Card
3528,2025-07-12,368,89,3,Online,Card
3529,2025-08-03,349,38,1,Online,Card
3530,2025-02-21,987,125,2,Store,Cash
3531,2025-02-11,585,110,4,Marketplace,Card
3532,2024-03-16,560,100,2,Online,Card
3533,2025-12-13,917,62,5,Online,Cash
3534,2024-05-08,734,56,2,Store,Card
3535,2025-08-17,716,96,3,Online,Card
3536,2025-04-14,387,195,3,Online,Card
3537,2024-08-11,165,163,1,Online,Card
3538,2025-01-23,321,66,1,Online,Card
3539,2025-04-15,551,66,1,Online,Card
3540,2025-08-09,720,200,1,Store,Card
3541,2024-04-07,72,4,2,Online,Card
3542,2025-03-07,860,174,1,Online,Cash
3543,2025-07-07,570,106,2,Online,Card
3544,2024-04-29,91,99,1,Online,Card
3545,2024-01-07,289,174,1,Marketplace,PayPal
3546,2024-12-08,773,145,2,Marketplace,Card
3547,2025-08-02,882,48,1,Store,Cash
3548,2025-03-09,320,43,1,Online,Bank Transfer
3549,2025-03-05,688,46,3,Marketplace,Card
3550,2025-01-13,363,134,1,Online,PayPal
3551,2024-01-26,712,153,1,Marketplace,Card
3552,2024-12-18,863,42,1,Store,Card
3553,2024-07-12,442,180,5,Online,Bank Transfer
3554,2025-11-07,176,18,1,Marketplace,Bank Transfer
3555,2025-06-18,587,126,2,Store,Cash
3556,2025-03-20,109,198,1,Online,Card
3557,2024-12-06,564,141,1,Store,Card
3558,2025-04-19,707,121,1,Store,Card
3559,2025-06-13,46,182,1,Marketplace,Card
3560,2024-08-30,491,137,3,Store,Bank Transfer
3561,2024-03-09,561,97,2,Online,PayPal
3562,2025-05-06,921,45,3,Online,PayPal
3563,2024-11-14,888,14,2,Marketplace,Card
3564,2025-05-03,167,1,1,Store,Cash
3565,2025-07-03,131,161,4,Marketplace,Card
3566,2024-06-08,61,65,1,Online,PayPal
3567,2025-11-01,217,188,1,Store,Card
3568,2024-04-22,68,108,5,Marketplace,Cash
3569,2025-12-28,201,180,1,Online,Cash
3570,2024-01-14,131,10,2,Marketplace,Card
3571,2025-12-13,153,57,3,Online,Card
3572,2025-01-02,871,33,2,Online,Card
3573,2024-07-17,43,199,3,Online,Card
3574,2024-02-18,417,65,1,Online,PayPal
3575,2024-02-28,353,184,3,Online,Bank Transfer
3576,2025-04-12,471,92,1,Store,Cash
3577,2024-08-17,136,197,1,Online,Card
3578,2025-09-04,92,107,2,Store,PayPal
3579,2024-03-16,481,77,1,Store,Bank Transfer
3580,2024-06-11,597,192,5,Online,PayPal
3581,2024-01-30,270,64,3,Store,Bank Transfer
3582,2024-03-09,635,100,1,Online,Card
3583,2024-07-26,962,31,1,Online,Card
3584,2025-02-19,571,95,5,Online,PayPal
3585,2025-02-06,472,193,4,Online,Card
3586,2025-02-07,953,40,1,Online,Card
3587,2025-01-05,62,78,2,Store,Bank Transfer
3588,2024-11-03,672,10,1,Online,PayPal
3589,2025-12-02,314,155,3,Store,Cash
3590,2024-12-18,9,78,2,Online,Card
3591,2024-05-12,867,44,1,Online,Bank Transfer
3592,2024-03-31,303,38,1,Store,Cash
3593,2024-12-17,964,168,2,Online,Cash
3594,2024-04-13,696,132,3,Store,PayPal
3595,2025-06-30,753,127,4,Store,Cash
3596,2024-04-10,758,160,4,Online,Card
3597,2024-11-14,930,183,1,Store,Cash
3598,2024-09-26,226,52,2,Store,Bank Transfer
3599,2024-10-15,970,118,5,Online,Card
3600,2024-02-28,374,137,1,Online,PayPal
3601,2024-02-05,829,177,1,Online,Bank Transfer
3602,2025-11-15,542,128,1,Online,Bank Transfer
3603,2025-01-13,885,120,3,Online,Cash
3604,2025-11-22,276,128,1,Online,Cash
3605,2024-10-01,740,198,4,Marketplace,Card
3606,2024-07-23,370,62,1,Store,PayPal
3607,2024-10-04,403,99,4,Store,Card
3608,2024-03-06,442,54,4,Online,Card
3609,2024-10-19,379,6,2,Marketplace,Cash
3610,2025-09-25,940,79,2,Store,Card
3611,2025-02-12,611,37,1,Marketplace,Cash
3612,2025-02-10,310,115,1,Marketplace,Card
3613,2025-04-09,891,71,1,Online,Bank Transfer
3614,2024-05-01,273,47,1,Marketplace,Card
3615,2025-11-14,977,68,2,Store,Card
3616,2024-06-10,964,107,3,Online,Card
3617,2024-11-12,219,184,3,Online,Card
3618,2025-11-04,789,118,1,Marketplace,Cash
3619,2024-01-19,31,137,2,Store,Card
3620,2025-06-27,842,92,4,Online,Card
3621,2025-01-12,748,141,1,Marketplace,Cash
3622,2024-11-21,161,54,1,Marketplace,Card
3623,2024-06-29,444,130,3,Online,Bank Transfer
3624,2025-10-28,912,174,1,Online,Card
3625,2024-06-16,891,166,4,Store,Cash
3626,2025-02-24,816,88,4,Store,Card
3627,2025-03-31,474,116,1,Online,Cash
3628,2025-02-20,193,50,1,Online,PayPal
3629,2025-10-23,848,12,4,Store,Card
3630,2024-06-05,834,113,4,Online,PayPal
3631,2025-01-11,334,167,2,Marketplace,Card
3632,2024-06-04,496,175,1,Online,Card
3633,2024-11-23,475,170,3,Online,Card
3634,2025-09-10,309,59,5,Store,Card
3635,2024-08-10,782,102,2,Store,Card
3636,2024-06-17,931,9,1,Online,Cash
3637,2024-12-25,727,40,2,Online,PayPal
3638,2024-01-28,616,166,1,Store,Bank Transfer
3639,2024-09-09,353,33,2,Marketplace,Card
3640,2025-11-06,700,55,4,Online,Card
3641,2025-12-10,790,114,1,Store,Bank Transfer
3642,2025-09-09,623,45,1,Online,Card
3643,2025-12-11,849,57,3,Online,Card
3644,2025-03-13,90,130,1,Online,Card
3645,2024-02-20,565,118,1,Online,Cash
3646,2024-05-03,783,130,3,Store,Card
3647,2024-02-09,102,4,1,Online,Card
3648,2025-10-22,866,142,1,Marketplace,Cash
3649,2025-10-09,985,47,2,Marketplace,Card
3650,2025-10-07,446,182,3,Online,Card
3651,2025-02-16,490,52,1,Store,Card
3652,2024-08-02,994,56,5,Marketplace,Card
3653,2024-06-14,942,183,2,Store,Bank Transfer
3654,2024-10-26,260,40,1,Marketplace,Bank Transfer
3655,2025-08-02,158,184,3,Marketplace,Cash
3656,2024-07-07,183,188,5,Online,Card
3657,2025-09-24,346,55,1,Online,Card
3658,2025-10-12,810,185,1,Store,Card
3659,2025-10-25,118,137,1,Online,Bank Transfer
3660,2024-10-09,108,61,1,Store,Card
3661,2025-07-26,973,79,3,Store,Card
3662,2024-01-14,910,169,1,Store,Card
3663,2025-11-07,59,131,3,Store,Card
3664,2025-04-29,673,94,1,Online,Card
3665,2025-05-02,47,93,1,Store,Bank Transfer
3666,2025-10-03,676,18,1,Online,Bank Transfer
3667,2024-03-14,80,145,3,Store,Card
3668,2024-10-05,18,146,4,Online,Bank Transfer
3669,2025-08-29,217,152,1,Online,Card
3670,2024-07-08,62,123,3,Store,Card
3671,2024-06-21,446,41,2,Online,Bank Transfer
3672,2025-05-23,99,35,2,Online,Card
3673,2024-07-25,586,63,3,Online,PayPal
3674,2025-02-17,474,137,2,Online,Card
3675,2025-06-19,486,56,1,Online,Bank Transfer
3676,2024-08-24,82,155,5,Online,Card
3677,2025-02-02,692,196,1,Marketplace,Cash
3678,2025-06-27,548,160,1,Online,Card
3679,2025-10-14,959,54,4,Store,PayPal
3680,2025-12-16,710,80,1,Store,Cash
3681,2025-01-26,337,80,1,Marketplace,Cash
3682,2025-08-15,653,86,1,Online,Card
3683,2024-05-03,601,18,1,Online,Card
3684,2025-01-22,279,73,2,Online,PayPal
3685,2025-05-06,8,183,1,Online,PayPal
3686,2025-04-20,406,79,1,Store,Card
3687,2025-02-14,305,147,1,Online,Card
3688,2024-04-01,430,52,1,Online,Cash
3689,2024-02-04,264,85,1,Online,Card
3690,2025-12-16,226,121,1,Store,Card
3691,2024-10-05,579,110,2,Marketplace,Card
3692,2024-04-22,904,163,2,Online,Cash
3693,2025-01-24,229,83,1,Store,Cash
3694,2024-01-09,184,95,1,Online,Card
3695,2025-02-27,691,53,1,Online,Card
3696,2024-11-17,629,75,4,Store,Cash
3697,2025-08-06,782,86,2,Online,Card
3698,2025-11-04,446,64,1,Online,Card
3699,2024-10-26,764,57,1,Online,Card
3700,2024-11-08,627,32,1,Marketplace,Cash
3701,2025-09-14,249,181,4,Online,Cash
3702,2024-10-18,232,148,4,Marketplace,Card
3703,2025-06-22,778,174,3,Store,Card
3704,2024-08-17,49,152,1,Online,Cash
3705,2025-05-03,741,56,5,Store,Card
3706,2025-06-18,597,70,1,Online,PayPal
3707,2025-08-07,457,34,1,Online,Bank Transfer
3708,2024-02-14,491,84,1,Marketplace,Card
3709,2024-10-20,646,182,3,Online,Card
3710,2025-08-22,136,200,1,Online,Card
3711,2024-10-11,581,111,3,Online,Card
3712,2025-09-17,229,146,1,Online,Bank Transfer
3713,2024-12-30,110,35,3,Online,Bank Transfer
3714,2024-12-07,880,101,3,Online,Cash
3715,2024-07-13,339,150,1,Store,Card
3716,2024-01-03,569,111,5,Online,Cash
3717,2024-08-11,968,18,1,Online,Card
3718,2024-09-22,713,84,1,Online,Card
3719,2025-07-09,564,95,1,Online,Bank Transfer
3720,2024-07-14,849,105,1,Store,Card
3721,2024-09-11,200,80,1,Online,Card
3722,2025-11-02,111,5,1,Store,Bank Transfer
3723,2025-03-01,517,190,2,Store,Card
3724,2025-07-07,852,8,1,Store,PayPal
3725,2025-10-28,322,182,2,Online,Bank Transfer
3726,2025-01-25,772,150,5,Online,Bank Transfer
3727,2024-04-01,663,170,5,Online,Card
3728,2025-04-21,270,49,5,Online,Bank Transfer
3729,2024-02-29,159,59,2,Store,Card
3730,2024-02-18,168,42,3,Store,Card
3731,2025-02-04,347,47,1,Online,Bank Transfer
3732,2024-06-12,204,52,1,Marketplace,Cash
3733,2024-08-27,10,35,1,Online,Cash
3734,2024-04-20,221,53,4,Online,Card
3735,2024-09-16,419,120,1,Store,Card
3736,2025-03-14,803,117,1,Store,Card
3737,2025-03-13,146,199,1,Store,Bank Transfer
3738,2024-11-18,256,192,1,Online,Card
3739,2024-02-27,81,45,4,Store,Cash
3740,2024-09-21,836,125,1,Online,Card
3741,2024-05-14,48,33,2,Online,PayPal
3742,2025-08-18,829,190,3,Marketplace,Card
3743,2025-04-10,735,42,5,Store,Card
3744,2024-02-23,903,96,1,Store,Bank Transfer
3745,2024-09-22,677,140,1,Store,Card
3746,2025-05-02,658,163,2,Online,Card
3747,2024-04-18,638,154,4,Online,Card
3748,2025-01-30,369,164,2,Online,PayPal
3749,2024-06-06,808,174,1,Online,Card
3750,2024-03-06,185,40,1,Online,PayPal
3751,2025-12-05,352,99,1,Online,Bank Transfer
3752,2025-06-03,743,190,1,Online,Card
3753,2024-07-11,463,147,3,Online,Card
3754,2024-05-13,87,23,5,Online,Card
3755,2025-06-09,43,61,2,Marketplace,Cash
3756,2025-09-20,52,172,4,Marketplace,Card
3757,2024-02-20,884,125,1,Online,Cash
3758,2024-08-18,613,39,1,Store,Cash
3759,2024-09-14,712,91,1,Online,Bank Transfer
3760,2024-04-22,506,27,1,Online,Card
3761,2025-02-01,767,66,1,Store,Card
3762,2024-01-22,370,75,1,Online,Card
3763,2025-11-26,329,176,3,Store,Cash
3764,2024-07-15,931,50,2,Online,Card
3765,2024-07-19,208,75,1,Online,PayPal
3766,2024-01-19,313,129,3,Online,Cash
3767,2024-12-04,13,70,1,Store,Card
3768,2025-01-18,629,175,1,Online,Card
3769,2025-09-18,785,81,1,Store,Card
3770,2025-09-30,719,47,1,Store,Card
3771,2025-09-04,759,82,1,Online,Card
3772,2025-05-24,486,82,3,Online,Card
3773,2024-06-06,18,108,1,Online,Card
3774,2024-05-25,829,155,1,Store,Cash
3775,2024-06-10,155,152,1,Online,PayPal
3776,2025-02-24,224,11,1,Online,Bank Transfer
3777,2025-12-18,596,103,1,Online,Cash
3778,2024-06-06,662,105,1,Store,Card
3779,2024-07-03,44,111,1,Online,Card
3780,2025-06-10,28,166,2,Online,Card
3781,2024-04-19,229,168,2,Marketplace,Card
3782,2025-08-10,548,58,2,Online,Bank Transfer
3783,2024-03-26,182,39,1,Store,Bank Transfer
3784,2025-01-16,768,76,2,Marketplace,Card
3785,2025-01-16,552,40,3,Online,Card
3786,2025-02-15,306,3,1,Store,Card
3787,2024-09-25,570,138,1,Online,Card
3788,2024-05-16,858,173,1,Store,Card
3789,2025-05-29,938,128,1,Online,Card
3790,2024-11-17,534,84,3,Marketplace,Cash
3791,2024-10-15,969,103,2,Store,Card
3792,2025-03-21,742,34,1,Store,Card
3793,2024-05-24,733,112,3,Online,Card
3794,2024-01-18,313,177,1,Online,Cash
3795,2025-06-28,223,29,1,Online,Card
3796,2025-08-04,792,180,3,Online,Bank Transfer
3797,2025-04-02,158,195,1,Store,PayPal
3798,2024-10-11,590,177,2,Store,Card
3799,2024-07-22,114,189,2,Online,Bank Transfer
3800,2025-03-08,420,6,2,Store,Bank Transfer
3801,2024-03-04,6,90,4,Store,Card
3802,2024-07-17,558,102,1,Online,Card
3803,2024-02-17,335,46,1,Marketplace,Bank Transfer
3804,2025-07-17,727,1,4,Store,Card
3805,2025-03-03,863,158,1,Store,Bank Transfer
3806,2024-03-04,62,116,1,Store,Card
3807,2025-04-13,775,112,4,Marketplace,Card
3808,2025-07-23,911,53,4,Online,Bank Transfer
3809,2025-11-20,809,53,1,Online,PayPal
3810,2024-03-26,518,87,2,Marketplace,PayPal
3811,2025-02-16,182,102,1,Online,Cash
3812,2024-04-21,1,20,1,Store,Bank Transfer
3813,2024-07-24,922,58,2,Online,Cash
3814,2025-06-04,749,58,1,Online,Bank Transfer
3815,2024-03-05,542,123,1,Marketplace,Bank Transfer
3816,2025-12-18,21,104,5,Online,Card
3817,2025-10-28,45,109,3,Store,Bank Transfer
3818,2024-06-20,7,163,4,Online,Card
3819,2025-10-31,833,69,1,Online,Card
3820,2025-09-13,456,105,1,Marketplace,Cash
3821,2024-12-26,994,152,1,Marketplace,Cash
3822,2025-07-08,710,77,1,Online,Bank Transfer
3823,2024-01-18,734,188,1,Online,Card
3824,2025-02-12,547,99,3,Store,Card
3825,2024-04-06,142,83,1,Online,Card
3826,2025-08-02,913,42,1,Online,Card
3827,2025-03-21,644,163,1,Online,Card
3828,2024-05-19,594,156,1,Online,Card
3829,2025-09-24,422,109,2,Marketplace,Card
3830,2025-03-24,588,159,1,Online,Card
3831,2025-09-01,469,79,2,Online,Cash
3832,2025-12-03,633,147,1,Online,PayPal
3833,2024-07-17,822,156,3,Store,Card
3834,2025-04-18,249,74,3,Online,Cash
3835,2024-07-30,409,188,2,Store,Card
3836,2025-01-24,300,199,2,Online,Card
3837,2024-01-11,812,155,1,Store,Bank Transfer
3838,2024-01-11,335,44,1,Marketplace,Card
3839,2025-02-12,143,118,1,Online,Cash
3840,2024-03-03,19,140,1,Online,Card
3841,2025-06-16,107,198,1,Store,Card
3842,2025-07-22,195,171,3,Online,Card
3843,2025-07-07,565,61,2,Store,Card
3844,2024-04-18,567,89,1,Marketplace,Card
3845,2025-04-02,808,95,4,Online,Card
3846,2025-11-26,354,185,1,Store,Card
3847,2025-09-02,365,166,1,Marketplace,PayPal
3848,2025-01-31,300,25,2,Store,Card
3849,2025-03-24,555,171,3,Marketplace,Card
3850,2025-08-06,54,129,3,Marketplace,PayPal
3851,2025-10-31,122,136,1,Online,Cash
3852,2024-02-05,32,29,2,Online,Card
3853,2025-12-05,126,13,1,Marketplace,Card
3854,2024-09-15,135,154,2,Online,Card
3855,2025-11-12,352,109,2,Marketplace,Bank Transfer
3856,2025-01-18,169,78,4,Online,Bank Transfer
3857,2024-05-09,120,83,4,Store,Card
3858,2025-05-04,141,81,4,Store,Card
3859,2024-07-04,128,156,1,Online,PayPal
3860,2025-10-25,676,76,1,Online,Card
3861,2025-05-06,923,100,1,Online,Bank Transfer
3862,2025-01-16,612,58,2,Online,Card
3863,2024-08-25,548,58,1,Online,Card
3864,2024-05-20,295,86,2,Online,Card
3865,2025-09-02,58,1,2,Online,Cash
3866,2024-04-03,953,18,4,Store,Card
3867,2025-10-17,147,163,5,Online,Card
3868,2024-10-04,549,165,2,Online,Card
3869,2024-11-24,730,173,1,Online,Card
3870,2025-11-15,313,44,2,Online,Bank Transfer
3871,2024-11-16,104,104,1,Online,Card
3872,2025-09-21,87,115,1,Online,Card
3873,2025-10-14,49,93,1,Online,Card
3874,2024-11-10,276,121,1,Online,Card
3875,2024-05-24,305,113,4,Store,Bank Transfer
3876,2024-10-29,115,119,1,Store,Bank Transfer
3877,2025-08-07,471,52,1,Store,Cash
3878,2024-02-07,342,60,1,Online,Card
3879,2024-05-07,543,56,1,Marketplace,Card
3880,2024-07-24,246,165,2,Store,Card
3881,2024-02-08,526,122,2,Marketplace,Bank Transfer
3882,2025-07-24,70,91,3,Online,Card
3883,2024-01-10,293,143,1,Online,Card
3884,2024-07-04,126,114,2,Online,Bank Transfer
3885,2024-08-05,949,84,2,Online,Bank Transfer
3886,2025-06-08,52,26,2,Marketplace,Card
3887,2025-12-03,490,49,1,Marketplace,Card
3888,2025-05-05,454,191,1,Online,Bank Transfer
3889,2025-08-25,955,17,5,Online,Bank Transfer
3890,2024-05-19,602,155,2,Marketplace,Cash
3891,2025-03-16,269,88,1,Store,Cash
3892,2024-01-30,707,10,1,Online,Cash
3893,2025-05-06,234,148,1,Marketplace,Bank Transfer
3894,2025-12-01,726,88,1,Store,Card
3895,2025-02-23,680,134,1,Online,Cash
3896,2025-02-03,284,189,4,Store,Card
3897,2025-11-17,630,186,1,Online,Card
3898,2025-01-14,844,199,4,Online,Bank Transfer
3899,2024-12-22,773,134,1,Online,Card
3900,2025-08-29,53,46,1,Online,Cash
3901,2025-07-05,624,170,4,Store,Bank Transfer
3902,2024-05-20,307,136,2,Store,PayPal
3903,2025-04-07,921,21,1,Marketplace,Bank Transfer
3904,2025-06-25,307,68,4,Store,Bank Transfer
3905,2024-07-30,436,128,3,Online,PayPal
3906,2025-06-19,108,22,1,Online,Card
3907,2025-06-24,515,88,3,Store,Card
3908,2024-03-24,592,63,2,Marketplace,Bank Transfer
3909,2024-03-22,282,87,2,Marketplace,Card
3910,2025-09-24,673,185,2,Store,Bank Transfer
3911,2025-03-31,480,148,1,Online,Cash
3912,2025-03-11,947,109,2,Online,Bank Transfer
3913,2024-04-01,644,169,1,Online,Bank Transfer
3914,2025-04-20,985,192,1,Store,Card
3915,2024-05-09,690,102,1,Store,Card
3916,2024-09-03,807,150,1,Online,Bank Transfer
3917,2024-05-08,874,147,5,Online,Cash
3918,2024-11-18,358,32,1,Online,Cash
3919,2025-12-07,544,84,3,Store,Bank Transfer
3920,2024-05-05,44,73,1,Marketplace,Card
3921,2025-04-17,212,103,1,Online,Cash
3922,2025-06-27,509,53,1,Online,PayPal
3923,2024-03-21,223,177,1,Store,Card
3924,2024-09-08,215,91,1,Store,Bank Transfer
3925,2025-10-03,342,140,1,Marketplace,Bank Transfer
3926,2025-03-16,93,94,2,Online,Cash
3927,2024-03-29,667,86,3,Store,Card
3928,2025-05-14,582,48,1,Store,Card
3929,2025-01-23,298,64,1,Store,Card
3930,2024-05-17,859,131,4,Online,Card
3931,2024-01-29,876,41,2,Online,Bank Transfer
3932,2025-01-22,420,2,1,Online,Card
3933,2024-03-25,387,66,1,Store,Cash
3934,2024-03-19,36,27,2,Store,PayPal
3935,2024-11-27,650,53,1,Marketplace,Cash
3936,2024-11-02,420,68,1,Online,Card
3937,2024-07-12,686,144,2,Online,PayPal
3938,2024-01-09,271,37,1,Online,Card
3939,2025-06-05,894,27,1,Online,Card
3940,2024-04-28,542,194,2,Store,Bank Transfer
3941,2024-01-23,590,106,2,Online,Card
3942,2024-09-23,712,194,3,Store,Cash
3943,2025-12-09,942,1,2,Online,Card
3944,2024-10-11,962,158,2,Store,Bank Transfer
3945,2024-12-25,115,181,1,Store,Card
3946,2025-04-09,140,126,1,Online,Card
3947,2025-10-19,992,109,3,Marketplace,PayPal
3948,2024-04-18,776,99,3,Store,Bank Transfer
3949,2024-02-05,208,79,4,Store,Bank Transfer
3950,2024-03-07,520,127,1,Online,Cash
3951,2025-01-02,985,132,1,Online,Card
3952,2025-05-01,461,4,3,Online,Bank Transfer
3953,2025-09-11,13,160,4,Marketplace,Card
3954,2025-06-08,846,164,4,Marketplace,Card
3955,2024-05-10,406,35,1,Store,PayPal
3956,2024-09-25,70,168,3,Marketplace,Card
3957,2024-03-28,626,9,2,Online,Card
3958,2024-01-08,275,195,1,Online,Bank Transfer
3959,2025-05-21,707,152,3,Online,Cash
3960,2024-06-12,278,96,5,Online,Cash
3961,2024-03-18,61,160,1,Store,Card
3962,2025-10-11,946,37,1,Online,PayPal
3963,2024-01-29,602,187,2,Online,Bank Transfer
3964,2024-09-18,887,148,1,Online,Card
3965,2025-05-22,863,77,3,Online,Card
3966,2025-12-11,662,173,1,Online,Card
3967,2025-09-28,53,10,1,Online,Card
3968,2025-12-05,391,56,1,Online,Card
3969,2025-04-04,712,168,1,Marketplace,Card
3970,2024-02-05,33,153,1,Store,Card
3971,2025-02-28,739,35,1,Online,Card
3972,2025-07-10,598,8,1,Online,Cash
3973,2024-01-31,62,25,1,Online,PayPal
3974,2025-07-30,989,4,1,Online,Cash
3975,2024-04-01,195,193,3,Store,Card
3976,2024-04-05,112,53,2,Online,Card
3977,2025-06-05,484,20,2,Online,Card
3978,2024-01-26,824,65,1,Marketplace,Bank Transfer
3979,2025-02-21,812,29,5,Online,Card
3980,2024-03-11,486,2,1,Online,Card
3981,2024-05-28,845,58,3,Online,Bank Transfer
3982,2024-05-14,189,93,1,Store,Card
3983,2024-12-16,186,55,4,Online,Card
3984,2025-11-11,748,5,2,Online,Bank Transfer
3985,2025-04-30,905,47,1,Online,Cash
3986,2025-03-06,657,161,1,Online,PayPal
3987,2025-04-26,419,21,2,Store,Card
3988,2025-07-24,25,174,1,Marketplace,Bank Transfer
3989,2025-01-02,599,139,1,Online,Card
3990,2024-04-18,589,171,1,Marketplace,Card
3991,2024-04-03,175,111,2,Online,Bank Transfer
3992,2024-10-19,751,156,3,Marketplace,Card
3993,2025-07-23,439,132,2,Online,Card
3994,2024-03-01,930,3,2,Online,Card
3995,2024-01-25,524,192,1,Store,Cash
3996,2024-03-31,579,29,2,Online,Cash
3997,2025-08-03,134,22,1,Online,Card
3998,2025-06-25,956,197,4,Marketplace,Card
3999,2025-10-02,131,51,3,Marketplace,Card
4000,2024-10-02,523,112,1,Marketplace,Card
4001,2024-06-10,121,58,2,Online,Card
4002,2025-03-18,192,38,2,Online,Card
4003,2024-06-19,205,191,2,Store,Bank Transfer
4004,2024-01-15,368,85,1,Online,Card
4005,2024-03-03,22,5,2,Online,Bank Transfer
4006,2025-02-16,465,62,2,Store,Card
4007,2025-06-17,586,197,3,Marketplace,Card
4008,2024-05-01,416,1,1,Marketplace,Bank Transfer
4009,2025-01-28,582,193,2,Online,Card
4010,2025-12-02,507,52,4,Store,Cash
4011,2025-06-28,968,198,2,Online,Bank Transfer
4012,2024-02-15,398,3,2,Store,Card
4013,2024-03-25,966,141,1,Marketplace,Card
4014,2024-02-11,52,6,4,Store,PayPal
4015,2025-06-11,284,176,1,Online,Bank Transfer
4016,2024-09-07,976,115,1,Online,Bank Transfer
4017,2024-11-21,95,170,2,Store,Cash
4018,2024-12-03,514,37,3,Marketplace,Card
4019,2024-01-19,194,163,1,Store,Card
4020,2025-01-06,209,83,3,Online,Card
4021,2025-04-02,330,97,4,Store,Card
4022,2025-08-18,912,181,1,Online,Card
4023,2024-02-24,98,15,2,Online,Cash
4024,2024-01-17,830,36,2,Online,Card
4025,2025-06-03,156,36,2,Online,Cash
4026,2024-10-22,992,1,1,Marketplace,Card
4027,2025-06-27,355,129,4,Online,Cash
4028,2024-05-19,479,59,3,Online,PayPal
4029,2025-02-25,320,41,5,Online,PayPal
4030,2024-01-18,9,76,1,Store,PayPal
4031,2025-07-27,974,36,2,Online,Card
4032,2025-12-04,429,18,2,Store,PayPal
4033,2024-12-20,579,5,1,Marketplace,Card
4034,2024-02-02,63,119,2,Online,Card
4035,2025-02-22,25,14,1,Store,Card
4036,2025-04-14,89,8,1,Marketplace,PayPal
4037,2024-07-24,926,33,2,Marketplace,Cash
4038,2024-03-11,360,23,1,Store,Card
4039,2025-06-29,733,96,1,Store,Card
4040,2024-11-28,230,198,4,Marketplace,Bank Transfer
4041,2024-11-15,391,186,1,Marketplace,Cash
4042,2024-05-27,451,108,5,Marketplace,Card
4043,2024-01-26,110,160,1,Online,Card
4044,2025-10-02,210,188,1,Store,Card
4045,2024-12-24,572,108,1,Marketplace,Card
4046,2024-06-16,963,82,3,Store,Card
4047,2025-04-14,685,47,1,Marketplace,Card
4048,2025-03-04,721,100,4,Marketplace,Bank Transfer
4049,2024-06-05,877,34,1,Online,PayPal
4050,2025-03-28,906,105,3,Online,Bank Transfer
4051,2024-10-03,810,160,1,Online,Card
4052,2024-06-12,593,16,2,Online,Card
4053,2024-04-21,826,131,1,Store,PayPal
4054,2024-05-29,129,61,1,Online,Card
4055,2024-02-24,315,186,1,Store,Card
4056,2024-06-05,971,29,1,Online,Cash
4057,2024-09-15,620,189,3,Online,Card
4058,2024-06-25,18,103,2,Online,Card
4059,2024-03-31,785,32,1,Store,Card
4060,2024-07-19,560,141,1,Online,Card
4061,2025-11-15,440,60,1,Online,Cash
4062,2024-10-21,513,129,3,Store,Card
4063,2024-10-10,601,108,2,Marketplace,Card
4064,2024-01-19,356,26,3,Marketplace,Card
4065,2024-06-13,835,95,1,Store,Card
4066,2024-07-09,254,8,1,Online,Card
4067,2025-06-24,435,2,3,Online,Card
4068,2025-12-31,748,165,4,Online,PayPal
4069,2024-07-26,168,16,5,Online,Cash
4070,2025-07-17,848,152,2,Marketplace,Card
4071,2024-04-01,827,71,1,Online,Card
4072,2025-05-01,833,30,1,Store,Card
4073,2024-04-11,604,120,3,Store,Card
4074,2024-04-17,906,162,3,Marketplace,Card
4075,2024-12-29,701,184,2,Store,Card
4076,2025-06-03,265,26,2,Online,PayPal
4077,2025-04-22,842,135,1,Online,Card
4078,2024-05-03,79,53,5,Online,Card
4079,2024-06-18,724,31,1,Marketplace,Cash
4080,2025-11-23,889,114,2,Online,Card
4081,2025-04-24,614,195,1,Online,Card
4082,2025-03-01,109,110,1,Store,Card
4083,2025-09-22,482,40,1,Online,Cash
4084,2025-08-25,649,99,1,Online,Card
4085,2024-07-21,497,87,3,Online,Bank Transfer
4086,2025-07-27,885,28,4,Online,Bank Transfer
4087,2025-07-14,16,173,2,Online,Bank Transfer
4088,2025-04-21,888,129,1,Online,Card
4089,2024-10-27,199,197,1,Marketplace,PayPal
4090,2024-06-15,994,32,1,Online,PayPal
4091,2025-09-08,685,196,1,Online,Card
4092,2025-02-11,683,121,1,Store,Cash
4093,2024-12-31,68,112,2,Online,Cash
4094,2025-01-08,714,192,4,Marketplace,Card
4095,2024-02-26,754,30,3,Marketplace,Bank Transfer
4096,2025-02-01,75,2,1,Online,Card
4097,2024-02-17,964,167,2,Online,Bank Transfer
4098,2024-10-15,869,55,2,Store,Cash
4099,2024-08-15,592,36,1,Marketplace,Card
4100,2024-08-13,25,3,1,Online,Card
4101,2024-03-17,834,4,1,Online,Card
4102,2025-01-12,934,19,1,Store,Bank Transfer
4103,2025-07-17,398,179,1,Store,Card
4104,2025-11-14,889,158,3,Online,Card
4105,2024-04-05,4,84,1,Online,Bank Transfer
4106,2025-05-25,431,67,3,Online,Card
4107,2025-08-22,807,109,3,Online,Card
4108,2025-07-19,346,83,2,Marketplace,Card
4109,2025-07-13,789,20,4,Marketplace,Card
4110,2024-04-10,138,60,2,Store,Card
4111,2024-04-10,350,93,1,Online,PayPal
4112,2024-02-16,781,172,3,Online,Card
4113,2025-01-27,20,40,1,Online,Bank Transfer
4114,2025-01-13,791,72,1,Online,Card
4115,2025-01-01,67,114,1,Online,Card
4116,2025-05-27,475,32,1,Store,Bank Transfer
4117,2025-05-07,545,165,3,Online,Bank Transfer
4118,2024-08-09,101,125,1,Marketplace,Card
4119,2024-07-09,910,114,1,Online,Card
4120,2024-11-28,723,118,2,Online,Card
4121,2024-06-25,341,67,3,Online,Card
4122,2024-05-31,915,116,1,Online,Card
4123,2024-02-16,460,107,1,Online,Card
4124,2025-01-21,700,53,1,Marketplace,Bank Transfer
4125,2025-12-24,212,87,1,Online,PayPal
4126,2025-05-02,428,178,1,Store,Card
4127,2025-06-25,442,185,2,Online,Card
4128,2025-11-18,711,8,3,Online,PayPal
4129,2025-02-06,606,174,1,Online,Card
4130,2025-01-14,797,61,1,Online,Card
4131,2025-06-21,967,155,3,Online,Cash
4132,2024-03-26,980,84,2,Online,PayPal
4133,2024-01-10,322,50,2,Store,Card
4134,2024-02-29,755,122,2,Marketplace,Card
4135,2024-12-13,353,66,1,Marketplace,Cash
4136,2024-01-29,248,135,1,Store,Card
4137,2025-02-16,768,34,1,Online,Card
4138,2024-06-29,180,165,1,Online,Bank Transfer
4139,2025-04-20,851,95,2,Online,Cash
4140,2025-05-18,110,109,1,Store,Card
4141,2025-07-10,381,30,1,Store,Card
4142,2025-07-20,239,9,1,Marketplace,Bank Transfer
4143,2025-08-15,9,54,2,Store,Card
4144,2024-07-03,765,106,5,Marketplace,Bank Transfer
4145,2024-01-15,98,69,1,Online,Card
4146,2024-03-20,63,109,2,Marketplace,Card
4147,2024-01-20,944,56,3,Online,PayPal
4148,2025-04-01,909,200,1,Online,Card
4149,2024-02-03,299,150,1,Online,Bank Transfer
4150,2024-07-06,260,72,1,Online,Card
4151,2025-03-27,164,145,1,Online,PayPal
4152,2025-07-22,6,139,1,Store,Bank Transfer
4153,2024-11-28,267,16,1,Online,Bank Transfer
4154,2025-07-17,333,28,2,Online,Cash
4155,2024-05-10,474,180,1,Store,Card
4156,2024-03-30,164,147,1,Online,Card
4157,2024-02-18,306,198,2,Online,Card
4158,2025-03-16,736,108,1,Store,Bank Transfer
4159,2025-04-09,884,43,2,Online,PayPal
4160,2025-08-25,501,68,2,Store,Card
4161,2025-04-08,741,1,2,Online,Card
4162,2024-01-03,429,192,1,Online,Card
4163,2024-01-23,174,12,2,Store,PayPal
4164,2025-08-01,983,44,2,Online,Bank Transfer
4165,2025-01-15,796,77,4,Online,Card
4166,2024-09-22,556,147,4,Store,Card
4167,2024-06-09,357,50,1,Online,PayPal
4168,2024-09-07,367,18,1,Store,PayPal
4169,2024-12-05,353,16,1,Marketplace,Card
4170,2024-12-11,291,85,3,Store,Card
4171,2025-02-18,595,130,3,Store,Card
4172,2024-08-01,639,50,3,Online,Bank Transfer
4173,2024-10-28,871,64,1,Online,Card
4174,2024-01-08,832,138,1,Store,Bank Transfer
4175,2025-10-22,237,32,1,Marketplace,Card
4176,2024-10-03,93,42,4,Online,Bank Transfer
4177,2025-09-04,403,81,4,Store,Cash
4178,2024-02-27,121,37,1,Online,Card
4179,2025-05-07,471,80,2,Online,Card
4180,2024-01-16,394,47,2,Marketplace,Cash
4181,2025-08-02,209,115,1,Marketplace,Card
4182,2024-05-15,186,102,1,Store,Card
4183,2025-01-16,238,185,1,Marketplace,Bank Transfer
4184,2024-10-07,485,82,1,Marketplace,Cash
4185,2025-02-12,258,99,1,Marketplace,Bank Transfer
4186,2025-09-27,436,31,1,Store,Card
4187,2025-08-07,608,41,2,Marketplace,PayPal
4188,2024-11-18,896,36,1,Online,Bank Transfer
4189,2024-03-05,363,177,1,Online,Card
4190,2024-04-06,278,54,2,Online,Cash
4191,2024-04-17,307,61,2,Online,Bank Transfer
4192,2025-05-11,940,152,1,Online,Card
4193,2024-05-09,384,178,2,Marketplace,Card
4194,2024-04-05,514,140,1,Store,Cash
4195,2025-11-22,330,180,4,Store,Cash
4196,2024-01-08,310,198,2,Online,Card
4197,2025-10-11,392,148,1,Online,Card
4198,2024-06-23,604,151,5,Online,Card
4199,2025-09-24,966,15,1,Online,Card
4200,2024-10-23,984,111,1,Marketplace,Card
4201,2025-05-30,805,92,2,Online,Bank Transfer
4202,2025-07-08,176,199,1,Online,Bank Transfer
4203,2024-05-18,415,45,1,Online,Card
4204,2024-05-08,675,150,3,Online,PayPal
4205,2025-10-14,896,82,2,Online,Cash
4206,2024-06-21,569,41,1,Marketplace,Card
4207,2024-04-18,547,47,1,Store,PayPal
4208,2025-02-19,173,194,4,Online,Card
4209,2025-02-25,194,151,3,Marketplace,Cash
4210,2024-04-02,872,44,3,Online,Card
4211,2024-10-21,584,147,1,Online,Card
4212,2025-12-20,671,107,1,Store,Card
4213,2024-05-17,420,103,1,Marketplace,Bank Transfer
4214,2024-02-23,986,149,1,Online,Card
4215,2024-10-18,663,11,1,Online,Card
4216,2024-03-27,589,57,1,Store,Card
4217,2024-06-30,138,42,1,Online,Card
4218,2025-08-29,228,98,3,Store,Card
4219,2024-01-22,955,136,1,Online,Card
4220,2025-02-13,288,103,1,Store,Card
4221,2024-02-26,486,112,4,Online,Card
4222,2025-06-22,731,91,1,Store,Card
4223,2024-06-26,205,70,1,Online,Card
4224,2024-05-30,878,58,2,Online,Bank Transfer
4225,2024-07-21,806,106,1,Store,Bank Transfer
4226,2024-09-22,290,183,1,Online,Card
4227,2024-07-23,733,26,1,Online,Bank Transfer
4228,2024-04-29,938,192,1,Online,Card
4229,2025-02-01,536,93,1,Online,PayPal
4230,2024-02-02,433,178,1,Online,Card
4231,2025-09-30,999,12,3,Marketplace,Bank Transfer
4232,2025-04-29,336,88,1,Store,Card
4233,2024-03-29,856,127,2,Store,Card
4234,2025-12-15,188,11,4,Online,Card
4235,2024-11-11,274,198,1,Store,Card
4236,2024-10-02,354,110,3,Store,Card
4237,2025-02-02,587,66,1,Store,Card
4238,2025-01-02,896,76,3,Online,Card
4239,2024-05-20,429,144,2,Online,Card
4240,2024-07-21,529,112,2,Online,Cash
4241,2024-01-04,610,87,1,Marketplace,Cash
4242,2024-11-16,494,190,4,Online,Card
4243,2024-10-12,241,83,3,Store,Bank Transfer
4244,2024-02-03,596,200,1,Online,Card
4245,2025-03-13,52,79,1,Store,Card
4246,2024-04-06,301,57,1,Marketplace,Card
4247,2024-10-09,218,118,1,Store,Card
4248,2025-04-07,864,167,5,Online,Card
4249,2025-02-28,870,120,1,Marketplace,Bank Transfer
4250,2025-02-17,567,18,1,Online,Cash
4251,2025-06-15,382,133,2,Store,PayPal
4252,2024-06-01,464,122,4,Online,Bank Transfer
4253,2024-01-12,796,133,1,Online,Card
4254,2025-07-29,395,6,1,Online,Card
4255,2025-03-14,35,87,4,Online,Card
4256,2024-09-30,937,109,2,Online,Card
4257,2025-05-09,661,113,2,Online,Card
4258,2025-12-18,811,31,2,Online,Bank Transfer
4259,2025-03-06,421,122,4,Store,Bank Transfer
4260,2025-09-21,17,198,2,Online,Card
4261,2024-12-02,224,129,3,Store,Bank Transfer
4262,2024-02-17,397,121,3,Store,Card
4263,2025-11-27,833,44,2,Store,Bank Transfer
4264,2025-05-30,775,124,5,Online,Bank Transfer
4265,2025-10-14,331,6,3,Store,Cash
4266,2024-05-22,849,31,2,Online,Cash
4267,2025-07-28,433,196,2,Online,Bank Transfer
4268,2025-11-30,741,114,1,Online,Card
4269,2024-03-03,781,18,1,Online,PayPal
4270,2025-11-23,918,4,1,Marketplace,Cash
4271,2024-06-30,786,131,3,Online,PayPal
4272,2025-07-03,953,41,1,Store,Card
4273,2024-11-26,989,197,1,Store,Card
4274,2025-04-13,756,2,2,Store,Card
4275,2024-09-25,176,104,2,Online,Card
4276,2025-12-13,606,138,2,Store,PayPal
4277,2024-03-30,691,198,1,Online,Cash
4278,2025-10-17,616,178,1,Online,Bank Transfer
4279,2025-09-17,429,116,1,Online,Card
4280,2025-09-23,349,138,1,Online,Card
4281,2025-09-13,544,42,5,Online,Cash
4282,2025-06-08,761,199,1,Store,Bank Transfer
4283,2025-12-15,151,178,2,Store,Card
4284,2025-07-05,115,107,1,Marketplace,Card
4285,2025-10-11,386,165,1,Online,Card
4286,2025-10-22,541,149,3,Store,PayPal
4287,2024-04-15,389,167,3,Marketplace,Cash
4288,2025-11-04,146,168,2,Online,Card
4289,2025-04-04,794,12,1,Online,Cash
4290,2024-06-08,423,162,1,Online,Card
4291,2024-02-01,526,162,2,Online,Bank Transfer
4292,2024-03-08,466,41,1,Online,Cash
4293,2025-02-28,564,45,2,Store,Bank Transfer
4294,2025-06-23,335,193,4,Store,Card
4295,2024-05-30,529,130,2,Marketplace,PayPal
4296,2024-07-07,657,166,1,Online,Card
4297,2025-07-06,3,109,4,Store,Bank Transfer
4298,2025-01-29,880,29,1,Online,Card
4299,2024-01-16,571,9,2,Store,Card
4300,2024-05-02,468,15,2,Store,PayPal
4301,2025-03-07,200,173,4,Online,Card
4302,2024-11-29,823,153,1,Store,Cash
4303,2024-12-08,535,175,3,Online,Card
4304,2024-07-01,12,189,2,Store,PayPal
4305,2024-05-26,306,42,2,Online,Card
4306,2024-01-20,600,24,4,Online,Card
4307,2025-01-07,255,3,1,Marketplace,Cash
4308,2025-02-18,843,181,1,Store,Cash
4309,2025-04-04,1,34,4,Online,Card
4310,2024-05-16,865,196,4,Online,Card
4311,2024-08-15,716,196,1,Online,Card
4312,2025-06-29,835,113,3,Store,Card
4313,2024-01-17,995,63,4,Store,Card
4314,2025-06-06,560,38,1,Marketplace,Cash
4315,2025-05-25,255,133,1,Marketplace,Card
4316,2024-06-04,203,33,1,Online,Card
4317,2025-04-19,619,199,2,Online,Card
4318,2024-03-16,133,96,2,Store,Card
4319,2025-11-13,927,45,1,Online,Card
4320,2025-09-11,538,100,1,Marketplace,Cash
4321,2024-05-11,12,99,1,Online,Card
4322,2025-08-05,598,105,1,Marketplace,Card
4323,2025-08-27,931,154,2,Online,PayPal
4324,2025-09-09,811,188,2,Online,Bank Transfer
4325,2025-05-03,886,103,2,Online,Card
4326,2025-09-17,192,96,4,Online,Card
4327,2024-09-09,261,135,1,Online,Bank Transfer
4328,2024-09-14,917,156,3,Online,Card
4329,2025-06-24,764,49,5,Store,Card
4330,2024-05-09,413,3,1,Marketplace,Card
4331,2024-02-20,669,169,2,Marketplace,Card
4332,2025-09-23,742,192,4,Marketplace,Card
4333,2025-10-29,678,59,3,Marketplace,Bank Transfer
4334,2025-07-31,73,56,1,Online,Card
4335,2025-08-11,508,83,1,Store,Card
4336,2024-05-15,34,152,2,Online,Card
4337,2025-11-18,393,77,1,Store,PayPal
4338,2024-05-18,304,3,1,Marketplace,Cash
4339,2024-02-26,532,47,1,Store,Card
4340,2025-05-11,437,110,2,Store,Cash
4341,2024-09-24,573,159,1,Marketplace,Cash
4342,2025-07-12,944,9,2,Marketplace,Card
4343,2024-05-14,901,2,1,Store,Card
4344,2024-01-03,460,158,1,Online,Card
4345,2025-08-08,342,123,1,Store,PayPal
4346,2025-10-19,987,198,1,Store,Card
4347,2024-11-10,503,66,1,Online,Card
4348,2024-03-15,673,50,1,Store,Bank Transfer
4349,2024-04-09,14,14,1,Online,Cash
4350,2024-03-16,509,90,1,Online,Bank Transfer
4351,2025-11-10,184,12,1,Online,Cash
4352,2025-08-20,612,185,1,Online,Card
4353,2024-08-03,471,11,1,Store,Bank Transfer
4354,2024-11-13,282,115,1,Store,Bank Transfer
4355,2025-05-20,442,7,1,Marketplace,Card
4356,2024-05-11,794,58,1,Online,PayPal
4357,2024-01-06,709,121,1,Online,Bank Transfer
4358,2024-03-14,806,121,2,Marketplace,Cash
4359,2024-12-31,92,124,2,Marketplace,Card
4360,2025-07-05,608,89,1,Online,Card
4361,2024-09-18,38,155,3,Store,Card
4362,2024-01-02,353,89,2,Online,Bank Transfer
4363,2024-04-07,329,116,1,Store,Cash
4364,2025-11-16,375,64,2,Online,Card
4365,2025-10-24,504,122,1,Online,Cash
4366,2024-01-13,735,80,1,Online,Card
4367,2024-01-19,780,64,2,Store,Card
4368,2024-07-01,84,139,1,Online,Card
4369,2024-06-13,786,190,2,Online,Card
4370,2025-07-11,568,103,2,Online,PayPal
4371,2024-01-22,676,114,2,Online,Card
4372,2024-06-10,623,179,1,Marketplace,Card
4373,2025-12-09,448,182,2,Marketplace,Bank Transfer
4374,2024-12-16,739,107,1,Online,Card
4375,2025-04-24,308,68,3,Online,Card
4376,2024-02-24,781,197,3,Online,Card
4377,2025-09-11,572,124,5,Online,Card
4378,2025-11-26,733,31,2,Store,Card
4379,2025-12-10,645,73,3,Online,Card
4380,2024-05-28,831,100,1,Online,Card
4381,2025-07-20,347,144,1,Online,Card
4382,2024-07-09,674,31,1,Store,Card
4383,2025-04-10,818,176,2,Online,Card
4384,2024-08-19,616,121,2,Online,PayPal
4385,2025-01-07,729,72,1,Store,PayPal
4386,2024-02-28,885,137,2,Store,Card
4387,2025-10-17,917,51,1,Store,Card
4388,2024-03-16,843,159,2,Store,Cash
4389,2025-03-07,898,125,3,Marketplace,Card
4390,2025-02-21,185,64,1,Store,Card
4391,2024-01-03,373,60,5,Online,Card
4392,2025-07-01,309,5,1,Online,Cash
4393,2025-04-04,7,56,4,Online,Card
4394,2024-02-23,403,61,1,Online,Card
4395,2024-01-09,380,12,1,Online,Cash
4396,2025-10-24,649,110,1,Online,Card
4397,2024-05-03,12,56,2,Store,PayPal
4398,2024-03-01,825,190,1,Online,Card
4399,2024-01-24,623,68,1,Store,Bank Transfer
4400,2025-04-16,776,95,2,Store,Card
4401,2024-04-24,589,167,3,Marketplace,Card
4402,2025-09-30,734,137,1,Online,PayPal
4403,2024-12-23,940,127,4,Store,Card
4404,2024-10-06,646,152,5,Online,Card
4405,2025-07-24,986,155,1,Online,Card
4406,2025-06-10,93,32,2,Store,Card
4407,2025-07-15,610,100,1,Online,Card
4408,2024-10-16,781,85,1,Online,Bank Transfer
4409,2025-09-03,814,176,1,Online,Cash
4410,2024-02-23,323,180,1,Online,PayPal
4411,2025-02-22,106,108,3,Online,Card
4412,2025-04-03,11,76,1,Store,Bank Transfer
4413,2025-02-19,17,34,1,Store,Card
4414,2025-05-31,374,7,1,Marketplace,Cash
4415,2024-03-10,452,59,2,Store,Card
4416,2025-05-23,829,25,1,Online,Card
4417,2025-08-08,64,96,1,Online,Card
4418,2024-09-08,605,84,1,Store,Card
4419,2025-01-19,992,68,2,Online,Card
4420,2024-11-23,712,120,2,Online,Card
4421,2025-08-09,956,189,1,Store,Card
4422,2025-08-12,545,102,1,Store,Card
4423,2025-02-18,595,55,1,Online,Card
4424,2024-08-28,200,83,2,Online,Cash
4425,2025-07-26,472,102,2,Online,Cash
4426,2024-02-20,791,48,5,Marketplace,Cash
4427,2025-04-30,821,188,1,Online,Bank Transfer
4428,2025-10-19,103,145,1,Online,Card
4429,2025-05-15,248,56,1,Store,Cash
4430,2025-09-10,716,123,1,Store,Card
4431,2025-02-18,297,67,1,Marketplace,PayPal
4432,2024-11-25,246,196,1,Online,Bank Transfer
4433,2025-04-16,386,159,3,Store,Card
4434,2025-03-25,485,61,2,Store,Card
4435,2025-07-01,889,87,2,Online,Card
4436,2024-07-05,23,148,1,Store,Card
4437,2025-03-09,632,49,1,Store,Card
4438,2024-10-27,142,55,5,Online,Card
4439,2025-08-28,538,39,4,Online,Cash
4440,2024-12-05,840,83,3,Online,Card
4441,2024-12-16,130,100,1,Marketplace,Card
4442,2025-08-05,707,156,2,Online,PayPal
4443,2024-05-07,31,1,2,Online,Card
4444,2024-09-08,219,173,1,Store,Card
4445,2025-10-02,743,200,1,Online,Card
4446,2025-04-23,224,53,4,Online,Bank Transfer
4447,2025-12-17,984,9,5,Online,Card
4448,2025-05-04,29,114,1,Store,Card
4449,2025-01-22,817,9,1,Online,Cash
4450,2024-11-07,139,162,1,Store,Card
4451,2025-04-29,811,182,1,Online,Bank Transfer
4452,2024-10-03,19,173,2,Online,Bank Transfer
4453,2025-01-10,519,43,1,Online,Card
4454,2024-01-03,863,111,3,Online,Card
4455,2025-12-24,415,49,3,Store,Card
4456,2025-02-17,905,68,4,Store,Card
4457,2025-04-03,274,81,2,Store,Card
4458,2025-06-19,948,56,5,Store,Cash
4459,2025-05-11,767,148,3,Store,Bank Transfer
4460,2025-09-04,809,20,1,Marketplace,Card
4461,2024-02-05,604,190,2,Online,Card
4462,2024-10-15,612,180,3,Online,Bank Transfer
4463,2025-03-22,304,56,1,Store,PayPal
4464,2024-09-20,915,98,1,Online,Bank Transfer
4465,2025-08-22,721,137,3,Online,Bank Transfer
4466,2024-04-16,338,158,1,Marketplace,Card
4467,2024-01-17,5,180,1,Store,Card
4468,2025-12-16,942,42,1,Online,Cash
4469,2025-06-27,721,78,4,Online,Bank Transfer
4470,2025-10-14,166,88,1,Online,Card
4471,2025-05-18,66,132,3,Online,PayPal
4472,2024-05-11,210,116,2,Online,Card
4473,2024-12-03,674,140,5,Online,Card
4474,2024-02-20,394,179,1,Store,Cash
4475,2024-09-18,590,165,1,Online,Bank Transfer
4476,2025-08-11,614,138,5,Marketplace,Card
4477,2025-11-26,333,132,1,Online,Card
4478,2025-01-31,198,174,2,Marketplace,Bank Transfer
4479,2025-03-31,158,52,1,Online,Bank Transfer
4480,2024-03-01,588,37,1,Online,Card
4481,2024-04-11,429,83,1,Online,Card
4482,2025-06-02,417,72,1,Store,Card
4483,2025-02-12,331,84,3,Online,Card
4484,2024-04-12,990,45,1,Online,Card
4485,2024-02-23,396,135,1,Online,Bank Transfer
4486,2025-06-27,877,34,1,Online,Card
4487,2025-01-26,362,66,1,Online,Bank Transfer
4488,2024-11-05,267,18,3,Store,Card
4489,2024-10-30,6,37,3,Store,Card
4490,2025-02-20,935,137,5,Online,Bank Transfer
4491,2024-11-21,841,121,3,Store,Card
4492,2024-09-08,419,50,1,Store,Bank Transfer
4493,2024-10-01,158,55,2,Online,Card
4494,2025-12-11,341,188,1,Store,Card
4495,2024-02-01,624,199,4,Store,Card
4496,2025-11-15,593,4,2,Online,Card
4497,2025-09-13,488,153,1,Store,Bank Transfer
4498,2025-08-12,899,125,1,Online,PayPal
4499,2025-07-22,276,29,1,Online,Card
4500,2024-01-14,306,82,4,Online,Card
4501,2025-01-21,770,177,1,Marketplace,PayPal
4502,2024-01-15,587,83,1,Store,Card
4503,2024-09-14,694,5,4,Store,Cash
4504,2025-07-15,47,36,2,Online,Card
4505,2025-09-23,257,70,1,Marketplace,Bank Transfer
4506,2024-08-26,993,24,1,Online,PayPal
4507,2024-05-23,341,134,1,Store,Card
4508,2024-07-14,865,80,1,Online,Cash
4509,2025-03-26,681,118,1,Online,Card
4510,2025-09-16,375,30,2,Online,Bank Transfer
4511,2024-09-30,931,176,2,Online,Card
4512,2025-06-18,773,186,1,Store,Bank Transfer
4513,2025-06-16,895,102,2,Store,Card
4514,2025-08-07,431,41,1,Store,Card
4515,2025-03-15,32,189,2,Store,Card
4516,2025-09-29,775,72,1,Online,Card
4517,2025-06-12,215,26,3,Online,Cash
4518,2025-01-28,413,47,3,Online,PayPal
4519,2025-11-28,89,96,1,Store,PayPal
4520,2024-04-02,480,139,2,Online,Card
4521,2025-01-25,844,93,3,Store,Card
4522,2025-07-15,608,6,4,Marketplace,Card
4523,2025-04-16,743,37,1,Online,Card
4524,2025-05-29,969,149,1,Online,Card
4525,2025-04-27,696,147,1,Store,Bank Transfer
4526,2025-03-14,324,70,4,Store,Cash
4527,2025-04-03,57,172,4,Online,Card
4528,2025-04-02,595,83,2,Online,Bank Transfer
4529,2025-03-06,509,81,1,Store,Card
4530,2025-07-11,554,160,2,Store,Bank Transfer
4531,2025-04-18,527,17,1,Online,Card
4532,2024-02-29,572,149,1,Online,Cash
4533,2025-12-30,643,100,1,Store,Card
4534,2024-09-26,564,132,1,Online,Card
4535,2024-06-08,983,5,2,Online,Card
4536,2025-08-30,409,175,1,Online,Cash
4537,2025-11-14,618,8,2,Online,Card
4538,2025-07-13,103,40,4,Store,Card
4539,2025-10-21,397,168,3,Online,Bank Transfer
4540,2024-01-28,665,126,1,Online,Bank Transfer
4541,2025-09-02,38,31,1,Store,Card
4542,2024-05-30,604,143,1,Store,Bank Transfer
4543,2024-08-17,282,181,2,Marketplace,Card
4544,2024-11-07,623,117,4,Online,Card
4545,2025-03-06,503,84,1,Store,Bank Transfer
4546,2024-08-18,998,49,1,Store,Card
4547,2025-05-13,453,61,2,Store,Bank Transfer
4548,2025-11-04,921,56,1,Online,Cash
4549,2025-11-28,865,197,1,Store,Card
4550,2024-05-10,660,24,2,Store,Cash
4551,2024-08-15,529,71,2,Online,Card
4552,2025-01-11,522,138,1,Marketplace,Card
4553,2024-11-11,910,124,5,Store,Bank Transfer
4554,2024-06-05,959,59,5,Store,Bank Transfer
4555,2024-07-22,411,138,5,Online,Cash
4556,2025-02-06,839,199,2,Online,Card
4557,2025-10-16,449,116,2,Online,Bank Transfer
4558,2024-05-25,238,164,5,Store,Cash
4559,2024-12-31,437,132,1,Online,Card
4560,2024-10-27,26,195,5,Store,Card
4561,2025-03-13,977,77,3,Online,Card
4562,2024-05-17,628,82,1,Store,Card
4563,2024-08-01,890,31,1,Marketplace,Card
4564,2025-12-24,940,42,2,Store,Card
4565,2025-03-25,240,27,2,Marketplace,Bank Transfer
4566,2024-08-01,728,10,1,Store,Card
4567,2025-01-12,944,181,2,Store,PayPal
4568,2024-08-20,233,45,1,Online,PayPal
4569,2025-01-16,71,141,1,Store,Card
4570,2025-08-20,444,100,1,Online,Card
4571,2024-10-25,814,99,3,Store,Card
4572,2024-05-05,354,191,2,Online,Card
4573,2024-03-25,944,161,1,Store,PayPal
4574,2025-09-16,118,109,1,Online,Card
4575,2024-06-14,920,43,1,Store,Card
4576,2025-07-19,74,166,3,Online,PayPal
4577,2024-08-21,807,196,1,Online,Card
4578,2025-12-16,911,15,2,Online,Cash
4579,2025-12-11,499,116,1,Store,Card
4580,2024-05-08,549,104,1,Store,Card
4581,2024-07-25,790,8,3,Online,Bank Transfer
4582,2024-12-22,993,192,1,Store,Cash
4583,2025-12-25,839,48,1,Marketplace,Card
4584,2025-04-08,471,32,2,Online,Card
4585,2025-03-21,976,20,1,Marketplace,Bank Transfer
4586,2024-09-03,285,45,3,Marketplace,Card
4587,2024-05-11,137,175,2,Online,Cash
4588,2025-07-11,41,19,4,Online,Card
4589,2025-03-09,568,57,4,Online,Cash
4590,2024-01-17,97,122,3,Store,Card
4591,2025-10-12,312,71,3,Online,Card
4592,2025-09-23,169,55,1,Marketplace,Card
4593,2024-11-07,872,102,4,Online,Card
4594,2025-01-20,834,14,1,Online,Card
4595,2024-05-11,389,56,1,Store,Bank Transfer
4596,2025-10-20,391,157,2,Online,Bank Transfer
4597,2025-10-16,188,125,2,Online,Bank Transfer
4598,2024-04-04,306,156,1,Online,Bank Transfer
4599,2025-07-14,332,1,5,Store,Card
4600,2024-03-06,747,185,5,Store,Bank Transfer
4601,2024-10-04,799,74,4,Online,Card
4602,2025-05-07,145,47,2,Online,Cash
4603,2024-11-03,481,194,1,Online,Card
4604,2025-01-04,283,97,2,Store,Card
4605,2025-05-08,300,149,3,Online,Card
4606,2024-09-23,714,151,1,Online,Cash
4607,2024-11-20,219,17,1,Store,Card
4608,2025-08-20,330,74,1,Online,Card
4609,2024-04-07,527,50,1,Online,Card
4610,2024-02-22,62,26,2,Online,PayPal
4611,2024-03-28,320,53,2,Online,PayPal
4612,2024-09-13,235,111,1,Online,Cash
4613,2024-01-16,498,141,1,Online,Card
4614,2025-11-18,416,162,2,Online,Card
4615,2025-04-10,860,14,1,Online,Bank Transfer
4616,2024-05-26,885,110,3,Store,Card
4617,2024-03-14,382,68,1,Store,Card
4618,2024-02-04,55,48,1,Online,Card
4619,2024-12-09,663,177,4,Marketplace,Card
4620,2024-11-30,938,36,1,Store,Card
4621,2024-06-06,28,104,1,Online,Card
4622,2024-09-19,328,190,2,Online,Card
4623,2025-02-15,435,64,1,Store,Card
4624,2024-05-18,874,35,1,Online,Card
4625,2025-08-24,134,48,2,Online,Card
4626,2025-11-01,29,25,5,Store,Bank Transfer
4627,2024-03-18,117,195,1,Online,Card
4628,2025-08-12,104,50,1,Online,Card
4629,2025-01-22,979,30,3,Online,Bank Transfer
4630,2024-09-17,344,106,2,Online,Card
4631,2024-07-09,513,103,1,Store,Cash
4632,2025-03-14,813,2,1,Store,Card
4633,2024-07-16,275,45,2,Store,Cash
4634,2024-12-31,254,112,3,Store,Card
4635,2024-09-05,284,170,2,Store,Card
4636,2025-09-28,484,60,1,Store,Card
4637,2025-12-05,182,99,5,Online,Bank Transfer
4638,2025-07-30,868,17,1,Store,Card
4639,2024-06-10,379,64,4,Online,Cash
4640,2025-03-02,427,77,1,Online,PayPal
4641,2024-08-12,256,104,3,Store,Card
4642,2025-03-28,797,70,4,Online,Bank Transfer
4643,2025-11-13,239,87,1,Store,Cash
4644,2025-02-21,131,196,2,Store,Cash
4645,2024-12-13,766,64,1,Online,PayPal
4646,2025-02-01,506,152,1,Online,Card
4647,2024-06-09,657,118,3,Store,Card
4648,2024-07-20,763,161,2,Online,Card
4649,2025-11-06,294,106,2,Online,Card
4650,2025-11-15,592,7,1,Online,Bank Transfer
4651,2024-05-30,304,145,1,Store,Cash
4652,2025-07-13,807,169,1,Online,Bank Transfer
4653,2025-11-20,970,129,1,Online,Bank Transfer
4654,2025-11-02,202,178,1,Online,Card
4655,2024-08-01,486,34,1,Online,Card
4656,2024-01-05,966,25,1,Store,Bank Transfer
4657,2025-07-21,926,183,1,Marketplace,Card
4658,2024-10-08,588,54,1,Marketplace,PayPal
4659,2025-02-11,803,51,2,Online,Bank Transfer
4660,2025-02-10,189,83,2,Store,Bank Transfer
4661,2025-10-10,169,100,3,Online,Bank Transfer
4662,2024-07-29,940,49,2,Online,Bank Transfer
4663,2025-08-22,882,151,2,Online,Card
4664,2025-08-09,269,130,3,Online,Cash
4665,2024-07-04,658,106,2,Online,Card
4666,2025-04-16,91,159,1,Marketplace,Card
4667,2025-11-29,911,141,1,Online,Cash
4668,2024-02-03,108,100,1,Online,Bank Transfer
4669,2024-01-29,117,103,3,Online,Cash
4670,2025-08-22,35,195,3,Online,Card
4671,2024-10-05,221,122,4,Online,Card
4672,2024-07-29,980,176,1,Store,Card
4673,2025-07-30,559,177,1,Store,PayPal
4674,2025-03-20,506,154,1,Online,Card
4675,2025-07-11,94,27,1,Marketplace,Cash
4676,2025-12-28,605,170,2,Store,Card
4677,2024-11-15,672,42,4,Online,Card
4678,2025-03-03,874,107,4,Online,Card
4679,2024-02-03,766,19,4,Store,Card
4680,2024-05-27,125,198,1,Online,Bank Transfer
4681,2024-12-03,310,142,1,Online,Card
4682,2024-11-22,203,20,1,Store,Cash
4683,2025-11-18,99,125,3,Marketplace,Card
4684,2025-07-10,392,16,1,Store,Card
4685,2025-12-19,905,23,3,Online,Bank Transfer
4686,2025-12-23,101,150,2,Marketplace,Bank Transfer
4687,2024-05-18,311,119,2,Online,PayPal
4688,2025-06-17,569,168,1,Online,Card
4689,2025-06-30,471,162,1,Online,Card
4690,2025-12-14,77,198,4,Online,Card
4691,2025-06-06,378,126,1,Marketplace,Card
4692,2024-03-14,245,142,3,Online,PayPal
4693,2025-05-26,309,158,5,Store,Card
4694,2025-08-14,294,44,1,Online,Card
4695,2024-02-19,78,182,1,Marketplace,Card
4696,2024-02-22,421,153,2,Marketplace,Card
4697,2024-03-09,417,141,1,Online,Card
4698,2024-11-26,180,194,2,Store,Bank Transfer
4699,2024-01-03,143,163,1,Online,Bank Transfer
4700,2025-12-25,478,150,2,Store,Card
4701,2025-06-22,937,92,1,Store,Card
4702,2025-09-04,227,15,1,Online,PayPal
4703,2025-12-18,749,88,1,Online,Cash
4704,2025-02-15,214,94,1,Online,Bank Transfer
4705,2024-07-07,460,164,2,Online,Card
4706,2024-05-16,779,168,1,Online,Card
4707,2024-01-09,488,6,2,Online,Bank Transfer
4708,2025-10-31,944,71,1,Online,PayPal
4709,2025-01-22,522,166,5,Online,Card
4710,2024-02-11,807,180,2,Store,Card
4711,2024-01-06,4,164,5,Online,Card
4712,2024-03-01,689,70,5,Store,Card
4713,2024-05-18,550,37,1,Online,Card
4714,2024-04-23,125,90,4,Store,Card
4715,2024-05-26,566,38,1,Store,Card
4716,2025-07-02,285,121,1,Online,Card
4717,2025-09-12,606,153,1,Online,Card
4718,2025-07-21,275,116,2,Online,Card
4719,2024-04-14,722,30,4,Online,Card
4720,2024-11-17,199,82,5,Marketplace,PayPal
4721,2024-06-17,785,165,2,Online,Bank Transfer
4722,2025-03-23,297,31,2,Marketplace,Card
4723,2025-05-16,570,11,2,Online,Card
4724,2024-05-10,949,139,1,Online,Bank Transfer
4725,2024-04-14,637,74,4,Store,Card
4726,2024-11-04,80,157,1,Store,Bank Transfer
4727,2025-06-06,780,25,4,Online,Card
4728,2025-02-23,820,117,1,Marketplace,Card
4729,2024-02-07,180,22,2,Store,PayPal
4730,2024-08-16,24,99,1,Online,PayPal
4731,2025-07-26,658,182,5,Store,Card
4732,2025-07-25,600,198,1,Online,Card
4733,2025-11-07,636,186,4,Online,PayPal
4734,2024-09-02,842,185,1,Store,Card
4735,2024-12-05,566,83,5,Marketplace,Bank Transfer
4736,2025-08-29,586,79,2,Online,Bank Transfer
4737,2024-07-10,590,189,1,Online,PayPal
4738,2025-08-03,653,13,2,Online,Card
4739,2025-09-14,821,140,1,Online,Bank Transfer
4740,2025-02-01,340,108,1,Online,Bank Transfer
4741,2025-01-15,455,12,1,Online,Card
4742,2024-04-05,949,58,1,Store,Card
4743,2025-07-19,60,36,1,Store,Card
4744,2024-07-18,491,186,1,Store,Cash
4745,2025-02-11,303,69,1,Store,Card
4746,2024-07-03,331,3,2,Store,Card
4747,2024-05-24,923,65,1,Online,Card
4748,2024-02-02,281,21,1,Online,Card
4749,2024-12-04,351,64,4,Online,Card
4750,2025-07-01,347,81,1,Store,Cash
4751,2024-01-30,394,45,3,Store,Card
4752,2024-06-15,285,43,1,Online,PayPal
4753,2024-08-06,227,169,1,Store,Cash
4754,2024-10-25,368,47,4,Store,Card
4755,2025-07-04,944,36,2,Online,Card
4756,2024-05-23,620,112,1,Marketplace,Cash
4757,2025-09-06,93,114,1,Online,PayPal
4758,2025-09-06,143,34,1,Online,Card
4759,2024-06-30,927,31,1,Online,Card
4760,2025-02-19,392,155,1,Marketplace,Bank Transfer
4761,2025-02-09,227,33,3,Store,PayPal
4762,2024-05-04,860,60,2,Online,Card
4763,2025-01-01,8,48,1,Online,Cash
4764,2024-02-19,109,148,1,Online,Card
4765,2024-08-19,502,155,1,Store,Card
4766,2025-10-23,23,48,2,Store,Card
4767,2025-01-20,150,48,3,Online,Bank Transfer
4768,2024-10-14,717,127,1,Store,Card
4769,2025-09-06,317,1,2,Store,Cash
4770,2024-05-26,233,1,1,Store,Bank Transfer
4771,2024-08-10,140,191,1,Marketplace,Cash
4772,2025-04-24,477,137,3,Online,Card
4773,2025-03-27,752,74,3,Online,Bank Transfer
4774,2024-05-01,630,76,4,Online,Cash
4775,2025-12-17,935,27,4,Store,PayPal
4776,2025-03-14,993,108,2,Online,Card
4777,2025-11-05,483,166,4,Online,Card
4778,2025-08-12,164,142,1,Store,Card
4779,2025-07-14,57,105,2,Store,Cash
4780,2024-06-08,136,63,1,Online,Card
4781,2025-07-14,697,114,1,Store,Card
4782,2025-03-13,210,86,1,Online,Cash
4783,2024-05-06,553,92,2,Online,Card
4784,2025-10-13,530,185,1,Online,Card
4785,2025-05-24,86,22,1,Online,Card
4786,2024-01-23,42,8,4,Online,Bank Transfer
4787,2024-09-08,584,193,2,Marketplace,Card
4788,2024-09-06,720,179,1,Online,Card
4789,2025-09-05,675,161,2,Online,Cash
4790,2024-05-09,995,123,3,Online,Card
4791,2025-05-17,675,142,1,Store,Card
4792,2025-08-06,74,88,4,Marketplace,Card
4793,2024-04-06,101,200,1,Marketplace,Bank Transfer
4794,2024-12-27,168,180,1,Online,Card
4795,2024-08-13,893,95,1,Online,Card
4796,2024-10-13,324,89,1,Store,Card
4797,2025-01-09,689,101,1,Store,Cash
4798,2025-02-24,267,136,1,Online,Card
4799,2024-06-17,286,148,1,Online,Card
4800,2024-11-10,417,161,1,Online,Card
4801,2024-05-12,994,146,1,Online,PayPal
4802,2024-04-22,147,173,1,Online,Card
4803,2025-04-03,897,107,2,Online,PayPal
4804,2024-11-23,720,6,2,Store,Card
4805,2025-12-02,899,69,3,Online,Cash
4806,2024-11-04,448,169,1,Online,Card
4807,2024-07-19,300,127,1,Marketplace,Cash
4808,2025-12-17,685,187,2,Online,Card
4809,2025-05-19,741,146,1,Marketplace,Card
4810,2025-06-16,299,179,2,Online,Card
4811,2025-10-27,626,136,1,Online,Cash
4812,2024-05-27,793,63,1,Store,Bank Transfer
4813,2025-12-11,58,146,2,Online,Card
4814,2025-02-08,500,103,3,Online,Card
4815,2025-02-20,646,57,2,Store,Bank Transfer
4816,2025-06-16,437,52,1,Online,Card
4817,2024-06-04,28,13,4,Store,Card
4818,2025-05-30,941,69,1,Store,Bank Transfer
4819,2025-07-10,209,53,5,Online,Bank Transfer
4820,2025-11-22,591,98,1,Store,Card
4821,2025-12-08,554,155,1,Store,Cash
4822,2025-12-15,212,98,1,Online,Cash
4823,2025-09-13,940,74,4,Marketplace,Cash
4824,2024-01-25,576,95,4,Online,Bank Transfer
4825,2024-02-23,117,49,1,Store,Bank Transfer
4826,2024-04-05,930,145,4,Online,Bank Transfer
4827,2024-01-01,80,28,4,Online,Card
4828,2024-12-19,806,136,2,Marketplace,Cash
4829,2025-07-07,899,13,1,Online,Card
4830,2025-10-16,776,187,2,Online,Cash
4831,2024-03-03,289,16,1,Online,Card
4832,2025-06-05,349,20,2,Store,Card
4833,2025-10-11,671,27,1,Store,Card
4834,2025-04-14,328,91,2,Online,Cash
4835,2024-01-13,106,104,2,Online,Card
4836,2024-04-22,499,116,2,Online,PayPal
4837,2025-09-14,39,40,4,Store,Cash
4838,2025-02-18,919,156,2,Store,Bank Transfer
4839,2025-05-10,719,27,1,Online,Card
4840,2025-02-02,435,133,5,Online,Cash
4841,2025-04-26,847,99,1,Store,Bank Transfer
4842,2024-07-25,680,51,1,Online,Bank Transfer
4843,2024-11-24,886,8,1,Marketplace,Card
4844,2024-07-13,262,92,2,Online,Card
4845,2024-12-01,451,181,1,Online,Card
4846,2024-09-02,254,149,2,Store,Card
4847,2024-10-16,164,100,1,Online,Card
4848,2025-12-18,494,86,2,Online,Card
4849,2024-10-01,952,109,1,Online,Bank Transfer
4850,2024-01-05,835,199,1,Online,Card
4851,2024-07-28,162,119,1,Store,Card
4852,2025-07-27,831,166,1,Online,Cash
4853,2025-12-28,63,43,1,Marketplace,Card
4854,2024-11-03,437,28,5,Online,Card
4855,2024-07-14,964,2,2,Store,Card
4856,2024-01-09,655,117,3,Online,Bank Transfer
4857,2024-06-19,973,124,3,Online,PayPal
4858,2024-04-28,124,195,2,Online,Card
4859,2025-05-07,669,130,4,Online,Bank Transfer
4860,2024-03-03,9,114,4,Online,Card
4861,2024-05-24,734,72,1,Online,Card
4862,2024-08-09,910,174,5,Online,Cash
4863,2025-12-09,679,115,5,Online,Cash
4864,2025-12-29,925,110,4,Store,Cash
4865,2025-05-01,111,97,1,Store,Card
4866,2025-02-12,413,198,1,Online,Cash
4867,2025-11-28,387,135,3,Online,Bank Transfer
4868,2024-01-17,18,158,2,Online,PayPal
4869,2024-10-15,968,36,5,Online,Bank Transfer
4870,2024-07-19,800,118,2,Marketplace,Card
4871,2024-03-31,594,20,3,Online,Cash
4872,2024-01-14,470,6,1,Online,Cash
4873,2025-03-07,52,196,1,Online,Cash
4874,2024-04-27,85,85,1,Store,Card
4875,2025-02-10,726,39,1,Online,Card
4876,2025-02-14,358,144,2,Online,Card
4877,2025-04-24,932,87,2,Marketplace,PayPal
4878,2024-07-27,226,82,1,Online,Card
4879,2025-05-18,916,23,2,Online,Cash
4880,2025-04-28,584,24,3,Online,PayPal
4881,2025-12-28,518,106,5,Online,Card
4882,2024-09-02,832,40,1,Online,PayPal
4883,2025-05-21,710,36,3,Online,Card
4884,2025-06-14,146,80,1,Online,Bank Transfer
4885,2025-08-29,924,43,5,Online,Card
4886,2024-01-03,41,9,2,Store,Cash
4887,2024-01-22,560,101,2,Online,Cash
4888,2025-01-21,809,5,1,Store,Cash
4889,2024-12-12,287,54,3,Online,Card
4890,2025-10-29,208,187,1,Store,Bank Transfer
4891,2024-08-28,328,108,3,Marketplace,Card
4892,2025-12-30,781,52,3,Online,Card
4893,2024-02-08,604,14,2,Store,Card
4894,2025-07-20,455,134,1,Online,PayPal
4895,2025-06-28,991,12,1,Store,PayPal
4896,2024-12-09,716,72,1,Online,PayPal
4897,2024-07-03,640,175,1,Store,Card
4898,2024-09-25,724,57,2,Online,Card
4899,2025-03-03,404,44,2,Store,Card
4900,2024-03-25,144,36,2,Online,Card
4901,2025-08-08,311,200,1,Store,Card
4902,2025-04-13,868,1,4,Marketplace,Card
4903,2024-03-31,38,90,2,Marketplace,Cash
4904,2024-09-07,9,157,1,Marketplace,Cash
4905,2025-09-25,516,75,5,Online,Cash
4906,2024-05-07,765,79,1,Online,Card
4907,2025-02-21,752,92,2,Store,Card
4908,2025-05-12,438,123,2,Online,Card
4909,2025-02-11,891,33,2,Online,PayPal
4910,2025-02-22,950,61,1,Online,Cash
4911,2025-01-01,26,23,2,Online,Bank Transfer
4912,2025-10-17,166,118,4,Online,Card
4913,2025-03-11,443,112,1,Store,Card
4914,2025-08-06,717,177,1,Store,Card
4915,2025-02-08,837,84,1,Store,Cash
4916,2025-11-23,914,183,2,Store,Card
4917,2025-08-17,598,62,3,Store,Card
4918,2024-11-27,350,160,1,Online,Card
4919,2025-09-09,857,127,1,Online,Bank Transfer
4920,2025-07-24,379,190,2,Online,PayPal
4921,2025-12-28,964,75,1,Online,Bank Transfer
4922,2025-01-31,338,124,2,Online,Card
4923,2024-05-22,605,91,3,Online,Card
4924,2025-06-29,452,21,2,Store,Card
4925,2025-03-14,41,15,4,Online,Card
4926,2025-09-09,189,68,1,Store,Card
4927,2025-04-02,575,126,1,Online,Card
4928,2024-08-26,658,5,3,Store,Card
4929,2024-04-14,749,39,1,Online,Cash
4930,2025-02-04,856,161,1,Online,Cash
4931,2024-01-24,412,170,2,Online,PayPal
4932,2024-06-14,233,49,1,Online,Card
4933,2025-07-28,17,99,1,Online,Bank Transfer
4934,2025-05-25,655,51,1,Online,Card
4935,2024-06-25,927,99,2,Online,Card
4936,2025-08-10,463,94,1,Marketplace,Bank Transfer
4937,2024-10-22,26,179,3,Online,Bank Transfer
4938,2024-04-04,827,165,3,Online,PayPal
4939,2025-09-03,377,105,2,Marketplace,Card
4940,2025-01-24,556,127,3,Online,Card
4941,2025-01-16,225,66,1,Online,Card
4942,2025-03-15,918,141,5,Store,Card
4943,2025-06-10,204,171,2,Online,Card
4944,2024-10-30,576,190,3,Store,PayPal
4945,2025-11-01,561,110,2,Marketplace,Bank Transfer
4946,2024-08-09,445,101,3,Online,Card
4947,2024-01-31,882,170,3,Online,Card
4948,2024-01-05,947,131,4,Online,Card
4949,2025-10-28,419,198,3,Store,Cash
4950,2025-10-26,258,77,1,Marketplace,Card
4951,2025-09-03,708,87,3,Online,Card
4952,2024-11-08,327,16,1,Store,Cash
4953,2025-06-28,276,103,1,Store,Card
4954,2025-04-13,202,72,1,Marketplace,Cash
4955,2024-07-19,581,12,2,Online,PayPal
4956,2025-05-16,929,37,3,Store,Card
4957,2024-12-19,683,161,5,Online,Cash
4958,2024-01-30,65,108,1,Store,Card
4959,2024-12-28,40,174,1,Store,Card
4960,2024-12-17,24,169,1,Store,Card
4961,2024-12-17,233,17,1,Online,Card
4962,2025-12-01,704,173,2,Store,Bank Transfer
4963,2025-09-27,880,195,1,Online,Bank Transfer
4964,2024-04-12,115,37,1,Online,Card
4965,2024-06-19,411,92,1,Online,Card
4966,2025-07-18,445,173,1,Online,Cash
4967,2024-04-23,709,14,2,Online,Card
4968,2025-07-21,733,174,1,Online,PayPal
4969,2024-09-22,648,194,1,Online,Cash
4970,2025-10-02,83,150,1,Online,Card
4971,2024-11-07,353,92,1,Store,Cash
4972,2025-12-16,33,196,1,Online,Card
4973,2024-04-20,426,117,1,Online,Card
4974,2024-05-23,867,23,2,Store,Card
4975,2025-03-09,737,185,3,Store,Bank Transfer
4976,2024-09-20,905,26,1,Online,Card
4977,2025-06-22,122,131,5,Store,Card
4978,2024-01-15,604,160,4,Online,Card
4979,2025-09-09,853,111,1,Store,Card
4980,2025-09-25,613,87,4,Online,Card
4981,2024-03-01,319,86,1,Online,Cash
4982,2025-08-27,553,37,4,Online,Cash
4983,2025-03-04,452,59,2,Online,Card
4984,2024-08-08,288,59,3,Online,Cash
4985,2024-02-09,316,129,1,Marketplace,Cash
4986,2025-10-27,156,15,1,Store,Card
4987,2024-10-31,376,12,3,Online,Card
4988,2024-08-31,110,64,1,Online,Bank Transfer
4989,2025-03-28,388,120,1,Store,Card
4990,2024-12-05,300,152,1,Online,Card
4991,2024-03-28,534,182,1,Online,Card
4992,2025-09-21,382,58,4,Online,Card
4993,2025-10-30,877,41,2,Store,Card
4994,2025-11-25,658,28,1,Online,Cash
4995,2024-04-27,972,173,4,Store,Card
4996,2024-12-13,829,17,4,Online,Card
4997,2024-04-24,863,110,1,Store,Bank Transfer
4998,2025-05-30,501,59,3,Online,Card
4999,2025-07-17,253,102,2,Online,Card
5000,2024-08-11,696,118,1,Online,Bank Transfer
